"","country","year","iso3c","greenhouseGasEmissions","infantMortality","homicideRate","militaryExpendituresPerGPD","netODAperCapita","gdpPerCapita"
"1","Afghanistan",2011,"AFG",17981.3072867677,63.3,4.3,1.77859261784739,231.146881076418,603.53702306241
"2","Afghanistan",2012,"AFG",NA,61,6.6,1.1447151131951,217.221198269874,669.009050888028
"3","Afghanistan",2013,"AFG",NA,58.8,NA,1.06143348132958,162.378377097367,631.744970641527
"4","Afghanistan",2014,"AFG",NA,56.8,NA,1.33435667773489,150.959368118098,612.069651391198
"5","Afghanistan",2015,"AFG",NA,54.9,NA,0.993453782028283,125.655617919278,584.025902055779
"6","Albania",2011,"ALB",8712.29636455369,14.3,4.9,1.52826633775804,130.62118033385,4437.17806843608
"7","Albania",2012,"ALB",8898.64091140274,13.8,5.5,1.48708257653319,120.383353887962,4247.61430826246
"8","Albania",2013,"ALB",NA,13.3,4.3,1.40845822632974,93.254376717562,4414.72313957332
"9","Albania",2014,"ALB",NA,12.9,4,1.34737024351043,97.3242915450603,4575.76378666221
"10","Albania",2015,"ALB",NA,12.5,2.3,1.16195307322323,116.037647754732,3954.02278326009
"11","Algeria",2011,"DZA",172303.509195404,22.9,0.8,4.32583622873095,5.25128520011022,5432.25020268075
"12","Algeria",2012,"DZA",176471.226769797,22.4,1.4,4.46132677133285,3.92164723452129,5564.82565958068
"13","Algeria",2013,"DZA",NA,22.2,1.3,4.84384524108176,5.30588497294186,5471.86676584854
"14","Algeria",2014,"DZA",NA,22,1.5,5.54399602036605,4.10908684723281,5470.85100707097
"15","Algeria",2015,"DZA",NA,21.9,1.4,6.31589848291595,2.21335886600584,4132.76029208861
"16","American Samoa",2011,"ASM",57.7435092847854,NA,NA,NA,NA,10375.9942154736
"17","American Samoa",2012,"ASM",58.7655192902151,NA,NA,NA,NA,11660.329531052
"18","American Samoa",2013,"ASM",NA,NA,NA,NA,NA,11553.6912144936
"19","American Samoa",2014,"ASM",NA,NA,NA,NA,NA,11508.5592654725
"20","American Samoa",2015,"ASM",NA,NA,NA,NA,NA,11541.8549795632
"21","Andorra",2011,"AND",NA,2.9,1.2,NA,NA,40919.1832785953
"22","Andorra",2012,"AND",NA,2.8,0,NA,NA,38167.0957462493
"23","Andorra",2013,"AND",NA,2.7,0,NA,NA,40215.4353174077
"24","Andorra",2014,"AND",NA,2.6,0,NA,NA,NA
"25","Andorra",2015,"AND",NA,2.5,0,NA,NA,NA
"26","Angola",2011,"AGO",40878.6519582578,70.7,NA,3.49561936904927,7.96661569337407,4299.01288877922
"27","Angola",2012,"AGO",41657.1648460299,66.5,NA,3.59335773707098,9.70706662177266,4598.24998765441
"28","Angola",2013,"AGO",NA,62.7,NA,4.87603161832403,10.9830089151846,4804.61688354724
"29","Angola",2014,"AGO",NA,59.5,NA,5.40021316799854,8.74390510179133,4709.31202367384
"30","Angola",2015,"AGO",NA,56.9,9.6,3.51593857254428,13.643197488236,3695.79374814656
"31","Antigua and Barbuda",2011,"ATG",537.80583894233,6.9,NA,NA,161.096543006091,11929.3499142745
"32","Antigua and Barbuda",2012,"ATG",552.747914304263,6.5,11.2,NA,21.5960403814956,12565.4419725532
"33","Antigua and Barbuda",2013,"ATG",NA,6.1,NA,NA,16.2536800785083,12224.8641551267
"34","Antigua and Barbuda",2014,"ATG",NA,5.7,NA,NA,25.7901390644753,12888.2966708807
"35","Antigua and Barbuda",2015,"ATG",NA,5.3,NA,NA,14.9114818410176,13566.9054060515
"36","Argentina",2011,"ARG",372873.14375805,12.4,NA,0.764287094047545,2.28485672198342,12726.9083594731
"37","Argentina",2012,"ARG",380295.320368897,11.9,NA,0.784824721024413,4.22265487120036,12969.7071238969
"38","Argentina",2013,"ARG",NA,11.3,NA,0.837736430166244,0.816409525874811,12976.6364245411
"39","Argentina",2014,"ARG",NA,10.8,7.5,0.878100919365976,1.13513914062824,12245.2564487696
"40","Argentina",2015,"ARG",NA,10.3,6.5,0.864722840014817,-0.536416372422671,13467.1023570022
"41","Armenia",2011,"ARM",12417.7361164488,15.3,2.4,3.85394644115574,137.540900430209,3526.97814267659
"42","Armenia",2012,"ARM",12319.3896093062,14.6,2.2,3.58376691873744,93.8817913878308,3684.80481032649
"43","Armenia",2013,"ARM",NA,13.8,2,3.99724455730484,96.8927347383402,3843.5912130934
"44","Armenia",2014,"ARM",NA,13.2,2.4,3.94337826474581,92.1162196943108,3994.71235479566
"45","Armenia",2015,"ARM",NA,12.5,2.5,4.24895108174756,119.179279727112,3609.65477582664
"46","Aruba",2011,"ABW",NA,NA,NA,NA,NA,25324.7203624669
"47","Aruba",2012,"ABW",NA,NA,NA,NA,NA,NA
"48","Aruba",2013,"ABW",NA,NA,NA,NA,NA,NA
"49","Aruba",2014,"ABW",NA,NA,NA,NA,NA,NA
"50","Aruba",2015,"ABW",NA,NA,NA,NA,NA,NA
"51","Australia",2011,"AUS",785795.149950158,3.9,1.1,1.8281503245082,NA,62245.100292102
"52","Australia",2012,"AUS",761686.273857649,3.6,1.1,1.69734558478985,NA,67677.6347662796
"53","Australia",2013,"AUS",NA,3.5,1.1,1.68343776124709,NA,67792.3038620501
"54","Australia",2014,"AUS",NA,3.4,1,1.79903015208121,NA,62214.6091207999
"55","Australia",2015,"AUS",NA,3.2,1,1.97886106259926,NA,56554.0387612447
"56","Austria",2011,"AUT",92315.0525967119,3.5,0.9,0.794737314822123,NA,51126.7413919311
"57","Austria",2012,"AUT",90460.2102892241,3.4,0.9,0.782235046652819,NA,48333.572726737
"58","Austria",2013,"AUT",NA,3.2,0.7,0.754016805955666,NA,50504.7153221994
"59","Austria",2014,"AUT",NA,3,0.5,0.753954995133431,NA,51322.6399728758
"60","Austria",2015,"AUT",NA,3,0.5,0.672999897262704,NA,43665.0094707965
"61","Azerbaijan",2011,"AZE",53982.832512624,32.6,NA,4.67013555547022,31.3395214389231,7189.69122920765
"62","Azerbaijan",2012,"AZE",56537.0817767984,31.4,2.2,4.65859272249014,30.8516204765515,7496.33572799679
"63","Azerbaijan",2013,"AZE",NA,30.2,2.3,4.54092330961466,-7.52166261132629,7875.75695254288
"64","Azerbaijan",2014,"AZE",NA,29.1,2.5,4.55502084251195,22.7339490317804,7891.29977558849
"65","Azerbaijan",2015,"AZE",NA,28.2,NA,5.60867966164031,7.22329120714047,5500.31038244408
"66","Bahamas, The",2011,"BHS",4726.37931595067,10.8,34.6,NA,NA,21523.9737238384
"67","Bahamas, The",2012,"BHS",4865.20676738915,10.3,29.8,NA,NA,22575.5901935012
"68","Bahamas, The",2013,"BHS",NA,9.8,NA,NA,NA,22590.3933835224
"69","Bahamas, The",2014,"BHS",NA,9.4,NA,NA,NA,22550.2330120967
"70","Bahamas, The",2015,"BHS",NA,9,NA,NA,NA,22888.1340509464
"71","Bahrain",2011,"BHR",31941.0424444878,7.1,0.5,3.54458552247519,NA,22810.1024185916
"72","Bahrain",2012,"BHR",32849.1057287728,6.9,NA,3.84457702733326,NA,23649.3666139101
"73","Bahrain",2013,"BHR",NA,6.8,NA,4.09623359930153,NA,25010.1832908239
"74","Bahrain",2014,"BHR",NA,6.7,NA,4.41858946070427,NA,24983.3790153356
"75","Bahrain",2015,"BHR",NA,6.6,NA,4.59271386239118,NA,22688.8782442968
"76","Bangladesh",2011,"BGD",180498.432989672,37,2.6,1.45866236134963,9.6908026276536,835.789340127412
"77","Bangladesh",2012,"BGD",183300.562417687,35,2.6,1.41461266724646,13.8171239906531,856.342857027401
"78","Bangladesh",2013,"BGD",NA,33.2,2.8,1.33415137644319,16.7136409594205,951.889453456343
"79","Bangladesh",2014,"BGD",NA,31.4,2.8,1.36136031169456,15.1979910276372,1084.56542980269
"80","Bangladesh",2015,"BGD",NA,29.7,2.5,1.46026638568014,15.9443292389845,1210.15812046669
"81","Barbados",2011,"BRB",NA,12.8,9.6,NA,NA,15534.1570414931
"82","Barbados",2012,"BRB",1540.61570884268,12.6,7.8,NA,NA,15384.8749045581
"83","Barbados",2013,"BRB",NA,12.3,8.5,NA,NA,15472.7813981148
"84","Barbados",2014,"BRB",NA,12,8.8,NA,NA,15359.6697072887
"85","Barbados",2015,"BRB",NA,11.7,10.9,NA,NA,15557.8308123722
"86","Belarus",2011,"BLR",108921.434693533,3.9,3.9,1.22449510976582,12.6462392955601,6519.71075336747
"87","Belarus",2012,"BLR",109647.238750262,3.6,3.6,1.24390472386982,10.8690426694715,6940.24391508304
"88","Belarus",2013,"BLR",NA,3.4,3.5,1.28576619399319,11.3184062914873,7978.82544260088
"89","Belarus",2014,"BLR",NA,3.2,3.6,1.28256299666155,12.7626639517332,8318.42929409316
"90","Belarus",2015,"BLR",NA,3,NA,1.2818401017642,11.0215207865102,5949.11067749823
"91","Belgium",2011,"BEL",137517.867915404,3.6,1.9,1.04350762055995,NA,47702.7741452744
"92","Belgium",2012,"BEL",133373.684007061,3.5,1.9,1.0381935483871,NA,44740.5717021938
"93","Belgium",2013,"BEL",NA,3.4,1.8,1.0119188933222,NA,46510.3864701585
"94","Belgium",2014,"BEL",NA,3.3,1.9,0.974807695666385,NA,47439.3968354953
"95","Belgium",2015,"BEL",NA,3.2,1.9,0.927002513120145,NA,40356.875002697
"96","Belize",2011,"BLZ",1536.23743731011,15.6,37.7,1.03693565997941,66.5872803713334,4516.24674961724
"97","Belize",2012,"BLZ",1569.8585030674,15.1,43.1,0.967141818817296,77.8435466482131,4673.63848043219
"98","Belize",2013,"BLZ",NA,14.6,28.8,1.10174199343703,148.962319244816,4688.53844343529
"99","Belize",2014,"BLZ",NA,14,34.4,1.05581726599789,106.797386364283,4852.22366602785
"100","Belize",2015,"BLZ",NA,13.4,NA,1.09445467117968,75.9557792077665,4849.99749504576
"101","Benin",2011,"BEN",33289.5519203445,69.7,NA,NA,71.0943955914097,825.942785363215
"102","Benin",2012,"BEN",33533.0967333661,68.6,NA,0.959491602796665,52.2018344851971,837.950500075362
"103","Benin",2013,"BEN",NA,67.4,NA,0.939232503647376,65.9906275716678,915.267458596353
"104","Benin",2014,"BEN",NA,66.1,NA,0.957933118033128,58.2615708498498,943.686575031401
"105","Benin",2015,"BEN",NA,64.6,6,1.09632501988295,40.6790802378831,783.947090952422
"106","Bermuda",2011,"BMU",614.875651538293,NA,12.6,NA,NA,85973.158416455
"107","Bermuda",2012,"BMU",632.876992070822,NA,9.5,NA,NA,85458.455507886
"108","Bermuda",2013,"BMU",NA,NA,8,NA,NA,85748.0654143782
"109","Bermuda",2014,"BMU",NA,NA,6.4,NA,NA,NA
"110","Bermuda",2015,"BMU",NA,NA,6.5,NA,NA,NA
"111","Bhutan",2011,"BTN",3259.60738958883,32.7,3,NA,190.706405045172,2458.0459761545
"112","Bhutan",2012,"BTN",3296.96372502552,31.3,3.9,NA,214.684043258204,2422.00801577828
"113","Bhutan",2013,"BTN",NA,30,2.5,NA,178.832646370207,2350.88288924473
"114","Bhutan",2014,"BTN",NA,28.8,2.7,NA,168.253379492252,2522.79600817976
"115","Bhutan",2015,"BTN",NA,27.8,NA,NA,123.548043780306,2613.64517681649
"116","Bolivia",2011,"BOL",620981.955546628,35.1,10.2,1.68412000072453,71.7846177690122,2377.67591794125
"117","Bolivia",2012,"BOL",621726.72675282,33.8,12.4,1.84559467156753,64.6273797724857,2645.22775260146
"118","Bolivia",2013,"BOL",NA,32.6,NA,1.84090675312941,67.5271320035722,2947.93852628051
"119","Bolivia",2014,"BOL",NA,31.5,NA,1.89684061166755,63.8666772579356,3124.00030982516
"120","Bolivia",2015,"BOL",NA,30.5,NA,1.74383901653531,73.3577287207434,3077.02619917158
"121","Bosnia and Herzegovina",2011,"BIH",26405.844115572,5.7,1.3,1.13736829839783,169.637544339519,5050.15683436957
"122","Bosnia and Herzegovina",2012,"BIH",27108.4002030228,5.5,1.6,1.14686889330015,155.698700729127,4716.67332542206
"123","Bosnia and Herzegovina",2013,"BIH",NA,5.4,1.2,1.08850568287092,144.579790452092,5035.86555009171
"124","Bosnia and Herzegovina",2014,"BIH",NA,5.3,1.3,1.02786884687533,176.643198741896,5193.90493232347
"125","Bosnia and Herzegovina",2015,"BIH",NA,5.3,1.5,1.00294826808358,100.411175349502,4574.09078735133
"126","Botswana",2011,"BWA",81891.0361459063,40.3,10.5,2.3167015249418,57.7671462396025,7645.21460862033
"127","Botswana",2012,"BWA",82110.2767551773,38.8,NA,2.22572296294123,34.9731849912531,7029.23145314082
"128","Botswana",2013,"BWA",NA,36.7,NA,2.05639554291372,50.4438087354188,7007.62578327722
"129","Botswana",2014,"BWA",NA,35.9,NA,2.13085964174676,45.8227599439816,7497.76237635063
"130","Botswana",2015,"BWA",NA,33.9,NA,2.66286965461947,29.6849941404049,6532.06050136763
"131","Brazil",2011,"BRA",2953040.51916222,16.9,24,1.41185115924524,4.13248621870429,13167.4728917533
"132","Brazil",2012,"BRA",2989417.95671697,16.1,26.2,1.37865646470437,6.42467932060345,12291.4668523291
"133","Brazil",2013,"BRA",NA,15.3,26.5,1.32944608382557,5.71013196709911,12216.9044643396
"134","Brazil",2014,"BRA",NA,14.7,27.7,1.33024465335583,4.47645059145143,12026.6173095243
"135","Brazil",2015,"BRA",NA,14,26.7,1.36442825783942,4.84899872941677,8757.20620228724
"136","Brunei Darussalam",2011,"BRN",14494.4915224535,8.8,NA,2.24220057503326,NA,47017.0273004715
"137","Brunei Darussalam",2012,"BRN",14828.9670065495,8.7,NA,2.15897155820695,NA,47651.2590896413
"138","Brunei Darussalam",2013,"BRN",NA,8.7,0.5,2.27748575467114,NA,44597.279681535
"139","Brunei Darussalam",2014,"BRN",NA,8.6,NA,3.08239225628025,NA,41590.8650226649
"140","Brunei Darussalam",2015,"BRN",NA,8.5,NA,3.27929182135223,NA,30967.890506377
"141","Bulgaria",2011,"BGR",72946.6230665323,8.7,1.7,1.44380251916793,NA,7813.80349946173
"142","Bulgaria",2012,"BGR",67942.6956330647,8.3,1.9,1.49816415469114,NA,7378.02553944156
"143","Bulgaria",2013,"BGR",NA,7.9,1.5,1.61331768924712,NA,7674.86055914027
"144","Bulgaria",2014,"BGR",NA,7.4,1.6,1.4730794021842,NA,7853.33519086217
"145","Bulgaria",2015,"BGR",NA,7,1.8,1.31645318203049,NA,6993.47735975728
"146","Burkina Faso",2011,"BFA",43660.150208767,63.4,0.6,1.29475975931171,61.0611778306847,666.840278277209
"147","Burkina Faso",2012,"BFA",43910.4023930555,60.7,0.7,1.32302396757381,69.4964087125531,673.822700024092
"148","Burkina Faso",2013,"BFA",NA,58.4,NA,1.3920554909091,61.2216340650522,699.045284668085
"149","Burkina Faso",2014,"BFA",NA,56.3,NA,1.42868643035195,63.8866979070881,705.146411321909
"150","Burkina Faso",2015,"BFA",NA,54.4,NA,1.32691770823428,55.0533211887122,615.592225011518
"151","Burundi",2011,"BDI",6151.9955362651,58.3,3.6,NA,63.2243593968181,260.479907338153
"152","Burundi",2012,"BDI",6254.37102422528,56,4.5,2.38501869074756,56.1455238414071,265.285605131269
"153","Burundi",2013,"BDI",NA,53.9,4,2.24200930035414,58.2103305081797,282.755525208188
"154","Burundi",2014,"BDI",NA,52,4,2.00984219730289,52.1038153862951,312.748979387017
"155","Burundi",2015,"BDI",NA,50.1,NA,2.13616119688448,35.9378661414003,303.681022254465
"156","Cambodia",2011,"KHM",126838.759921248,35.1,1.8,1.49778870804676,54.5079250174338,882.490146161383
"157","Cambodia",2012,"KHM",127399.586925028,32.7,NA,1.54793982168285,54.6590867102673,950.024413173571
"158","Cambodia",2013,"KHM",NA,30.6,NA,1.57589601356547,53.7992791172181,1028.41956811376
"159","Cambodia",2014,"KHM",NA,28.9,NA,1.656764911864,52.5630959498494,1098.68712310857
"160","Cambodia",2015,"KHM",NA,27.5,NA,2.11269807161054,43.6316487660652,1163.18977018277
"161","Cameroon",2011,"CMR",100386.545956658,65.4,3.4,1.3069309834938,29.8278102811308,1295.649725738
"162","Cameroon",2012,"CMR",100922.136209962,62.3,4,1.33894924209206,28.3255455514683,1255.64818919045
"163","Cameroon",2013,"CMR",NA,59.3,2.9,1.32862297732745,34.723397495765,1365.34418999758
"164","Cameroon",2014,"CMR",NA,57,2.6,1.25278888176845,38.497018692167,1441.14010712277
"165","Cameroon",2015,"CMR",NA,54.5,5.9,1.24512988944819,29.0621367068687,1244.42942056964
"166","Canada",2011,"CAN",1033481.98200961,4.8,1.8,1.19608378222317,NA,52082.2107601003
"167","Canada",2012,"CAN",1027063.85487082,4.7,1.6,1.12109997322812,NA,52496.6948704709
"168","Canada",2013,"CAN",NA,4.7,1.4,1.00485788908962,NA,52413.7211560786
"169","Canada",2014,"CAN",NA,4.6,1.5,0.995806097169254,NA,50440.4337553383
"170","Canada",2015,"CAN",NA,4.5,1.7,0.986422266114119,NA,43315.7004418128
"171","Cayman Islands",2011,"CYM",NA,NA,NA,NA,NA,NA
"172","Cayman Islands",2012,"CYM",NA,NA,NA,NA,NA,NA
"173","Cayman Islands",2013,"CYM",NA,NA,NA,NA,NA,NA
"174","Cayman Islands",2014,"CYM",NA,NA,NA,NA,NA,NA
"175","Cayman Islands",2015,"CYM",NA,NA,NA,NA,NA,NA
"176","Central African Republic",2011,"CAF",513289.515718343,99.4,NA,NA,60.0470984794309,494.330677886517
"177","Central African Republic",2012,"CAF",515134.078641482,97.5,NA,NA,50.7792596498854,486.410113966205
"178","Central African Republic",2013,"CAF",NA,96,NA,NA,45.074586862587,337.484961398269
"179","Central African Republic",2014,"CAF",NA,93.5,NA,NA,135.317155188298,377.13202741973
"180","Central African Republic",2015,"CAF",NA,91.2,13.1,NA,107.111590154198,348.381417033715
"181","Chad",2011,"TCD",109463.638704445,83.3,NA,5.01552964414585,37.2180803246833,989.236363298336
"182","Chad",2012,"TCD",109796.019972251,81.6,NA,NA,37.3738649766413,973.470257398779
"183","Chad",2013,"TCD",NA,80,NA,5.60978819728073,34.9744460558344,986.010317729048
"184","Chad",2014,"TCD",NA,78.4,NA,2.81839265614041,28.883289049996,1025.99851471508
"185","Chad",2015,"TCD",NA,76.8,9,2.02944820964625,43.3044553686868,777.24870512323
"186","Channel Islands",2011,"CHI",NA,NA,NA,NA,NA,NA
"187","Channel Islands",2012,"CHI",NA,NA,NA,NA,NA,NA
"188","Channel Islands",2013,"CHI",NA,NA,NA,NA,NA,NA
"189","Channel Islands",2014,"CHI",NA,NA,NA,NA,NA,NA
"190","Channel Islands",2015,"CHI",NA,NA,NA,NA,NA,NA
"191","Chile",2011,"CHL",117661.680608773,7.4,3.7,2.25439565516701,9.76018863246419,14705.6924209903
"192","Chile",2012,"CHL",120687.892409947,7.3,2.5,2.04629040732708,7.39929979330719,15431.9029324117
"193","Chile",2013,"CHL",NA,7.3,3.2,1.98641947397694,4.61318691160536,15941.3972192355
"194","Chile",2014,"CHL",NA,7.4,3.6,1.95515986033081,13.942478504636,14817.3777768529
"195","Chile",2015,"CHL",NA,7.3,NA,1.91197747100264,2.82896483926047,13653.2263998732
"196","China",2011,"CHN",12064260.00255,12.5,0.9,1.82192749816085,-0.448572682701822,5633.79610636071
"197","China",2012,"CHN",12454710.6051,11.6,0.8,1.83856391040614,-0.133657117261854,6337.8829926902
"198","China",2013,"CHN",NA,10.7,0.8,1.8723336251534,-0.483468151880829,7077.7705938533
"199","China",2014,"CHN",NA,9.9,0.7,1.91534127190953,-0.694019512266633,7683.50203795784
"200","China",2015,"CHN",NA,9.2,NA,1.93492242683391,-0.241981593033941,8069.21193773116
"201","Colombia",2011,"COL",170199.57902723,15.4,34.1,3.07278341135743,21.9298330674447,7227.73967983349
"202","Colombia",2012,"COL",173411.767914881,14.9,31.3,3.16677706852945,16.301748185184,7884.98442882865
"203","Colombia",2013,"COL",NA,14.5,32.6,3.28882458335503,18.1122941962611,8030.58603049039
"204","Colombia",2014,"COL",NA,14,27.9,3.13222774794767,25.6156319005532,7913.38343248643
"205","Colombia",2015,"COL",NA,13.6,26.5,3.13089256760814,27.9387601949934,6044.52555566556
"206","Comoros",2011,"COM",554.335660086527,62.7,NA,NA,73.8922879435696,829.758688479073
"207","Comoros",2012,"COM",564.2206617218,61.3,NA,NA,136.502787801091,788.632652955229
"208","Comoros",2013,"COM",NA,59.7,NA,NA,109.548213081591,834.341094890303
"209","Comoros",2014,"COM",NA,58.1,NA,NA,98.6982887468149,852.954307862846
"210","Comoros",2015,"COM",NA,56.5,7.6,NA,84.6127724382062,727.646386827046
"211","Congo, Dem. Rep.",2011,"COD",800756.941604716,82.3,NA,1.00124689161644,82.8387352581214,357.483493772145
"212","Congo, Dem. Rep.",2012,"COD",802271.302846335,80.2,NA,1.21068771314223,41.2615886166106,398.140694830982
"213","Congo, Dem. Rep.",2013,"COD",NA,78.1,NA,1.24763607004953,36.2332268257266,420.87049003093
"214","Congo, Dem. Rep.",2014,"COD",NA,76,NA,1.00301296219828,32.5559806008611,461.56808529415
"215","Congo, Dem. Rep.",2015,"COD",NA,74,13.4,1.3575488622067,34.1122747191709,474.936048106404
"216","Congo, Rep.",2011,"COG",35504.4557838841,42.6,NA,NA,57.9095137533156,3196.64753357015
"217","Congo, Rep.",2012,"COG",35743.9185202452,41.4,NA,NA,30.1487278246923,2952.05234806594
"218","Congo, Rep.",2013,"COG",NA,40.6,NA,2.60585813449002,31.7780490900248,2964.57315159493
"219","Congo, Rep.",2014,"COG",NA,39.9,NA,4.97193978726921,21.8041054784124,2910.52015289704
"220","Congo, Rep.",2015,"COG",NA,39.2,10.1,NA,17.7994926784273,1712.12113140016
"221","Costa Rica",2011,"CRI",11994.6875158322,8.8,10.3,NA,6.8014730656015,9186.59638993395
"222","Costa Rica",2012,"CRI",12274.1340926836,8.7,8.7,NA,6.11500944753919,9985.36958970111
"223","Costa Rica",2013,"CRI",NA,8.5,8.7,NA,6.97348143517733,10569.6663143866
"224","Costa Rica",2014,"CRI",NA,8.2,10,NA,11.4659253926633,10647.4417945857
"225","Costa Rica",2015,"CRI",NA,7.9,11.8,NA,22.6171687481229,11406.3627271108
"226","Cote d'Ivoire",2011,"CIV",33027.4827204803,76.5,NA,1.40783066355079,68.7379096678676,1214.70394645331
"227","Cote d'Ivoire",2012,"CIV",33502.160237923,74.6,NA,1.50735197528083,134.705330688467,1262.48021811586
"228","Cote d'Ivoire",2013,"CIV",NA,72.3,NA,1.37538725031253,57.9733184159453,1423.68228222575
"229","Cote d'Ivoire",2014,"CIV",NA,70.1,NA,1.47596904942975,41.0596790693855,1569.92827532574
"230","Cote d'Ivoire",2015,"CIV",NA,68,11.8,1.73602740138119,28.2753442114217,1420.62688438877
"231","Croatia",2011,"HRV",30453.5113317779,4.5,1.1,1.77782065885804,NA,14539.1842057182
"232","Croatia",2012,"HRV",30421.0493635559,4.4,1.2,1.69126922827579,NA,13235.9775701749
"233","Croatia",2013,"HRV",NA,4.3,1.1,1.65648504114238,NA,13574.7400890627
"234","Croatia",2014,"HRV",NA,4.2,0.8,1.58832267880337,NA,13467.4682686752
"235","Croatia",2015,"HRV",NA,4.1,0.9,1.54790872605373,NA,11579.6670403193
"236","Cuba",2011,"CUB",51170.7478479685,4.6,4.7,3.08450500072474,7.68671798014752,6075.92430626005
"237","Cuba",2012,"CUB",52418.4556499535,4.4,NA,3.93759997812444,7.53460727001745,6425.94111866075
"238","Cuba",2013,"CUB",NA,4.4,NA,3.51272878104423,8.7152597749402,6760.15343974549
"239","Cuba",2014,"CUB",NA,4.3,NA,3.53600037690888,22.8999419306355,7050.5019901192
"240","Cuba",2015,"CUB",NA,4.3,NA,3.08379852363289,48.2444078540971,7602.26121831897
"241","Curacao",2011,"CUW",NA,NA,NA,NA,NA,NA
"242","Curacao",2012,"CUW",NA,NA,NA,NA,NA,NA
"243","Curacao",2013,"CUW",NA,NA,NA,NA,NA,NA
"244","Curacao",2014,"CUW",NA,NA,NA,NA,NA,NA
"245","Curacao",2015,"CUW",NA,NA,NA,NA,NA,NA
"246","Cyprus",2011,"CYP",7652.33091598057,2.8,0.8,1.74901551358008,NA,32233.8394246573
"247","Cyprus",2012,"CYP",7431.19345348047,2.6,1.9,1.65716340473622,NA,28951.1555598986
"248","Cyprus",2013,"CYP",NA,2.4,1.1,1.60010376306697,NA,27907.9673626742
"249","Cyprus",2014,"CYP",NA,2.3,1,1.53517310472808,NA,27340.8838161118
"250","Cyprus",2015,"CYP",NA,2.2,1.3,1.67634318372531,NA,23075.1126993152
"251","Czech Republic",2011,"CZE",144613.247371501,2.6,0.8,1.08546999012087,NA,21717.4579392202
"252","Czech Republic",2012,"CZE",138957.424743003,2.6,1,1.03468252513848,NA,19729.8705111763
"253","Czech Republic",2013,"CZE",NA,2.5,0.9,0.994729788820652,NA,19916.0193873722
"254","Czech Republic",2014,"CZE",NA,2.5,0.7,0.905403579080942,NA,19744.5586092159
"255","Czech Republic",2015,"CZE",NA,2.5,0.7,0.952304420900559,NA,17556.9243042464
"256","Denmark",2011,"DNK",58416.0447370069,3.4,0.8,1.31353101003111,NA,61753.6600721804
"257","Denmark",2012,"DNK",53703.2239270284,3.4,0.8,1.35181915375287,NA,58507.5002096272
"258","Denmark",2013,"DNK",NA,3.4,0.9,1.22725202197052,NA,61191.1926260428
"259","Denmark",2014,"DNK",NA,3.5,1.3,1.15154595638903,NA,62425.5392007494
"260","Denmark",2015,"DNK",NA,3.6,1,1.11648203333611,NA,53014.6441616194
"261","Djibouti",2011,"DJI",2701.62250690939,60.9,NA,NA,163.291324888531,1430.98689832546
"262","Djibouti",2012,"DJI",2766.30381501414,59.3,NA,NA,168.262056208401,1536.15068518041
"263","Djibouti",2013,"DJI",NA,57.8,NA,NA,166.445854076334,1622.6379744125
"264","Djibouti",2014,"DJI",NA,56.4,NA,NA,180.592525028394,1740.91501089716
"265","Djibouti",2015,"DJI",NA,54.9,6.8,NA,182.830968693593,1862.16727373104
"266","Dominica",2011,"DMA",217.382774399324,21.9,8.4,NA,340.779162832204,6985.53232671585
"267","Dominica",2012,"DMA",222.835577813651,24.3,NA,NA,356.448836821942,6744.56710611005
"268","Dominica",2013,"DMA",NA,26.6,NA,NA,277.348066298343,7022.75066502967
"269","Dominica",2014,"DMA",NA,28.7,NA,NA,223.831377614114,7257.39514281381
"270","Dominica",2015,"DMA",NA,30.2,NA,NA,156.091960307263,7069.50278782651
"271","Dominican Republic",2011,"DOM",32578.1585810517,28,25.1,0.603601455237071,22.413271241571,5759.06429998817
"272","Dominican Republic",2012,"DOM",33395.0844298818,27.6,22.3,0.653627046805837,25.6150941166623,5968.87676663626
"273","Dominican Republic",2013,"DOM",NA,27.2,NA,0.618695111122342,14.2890546094578,6027.05554403674
"274","Dominican Republic",2014,"DOM",NA,26.7,17.4,0.670803566417521,15.9737163078747,6268.69212177713
"275","Dominican Republic",2015,"DOM",NA,26.1,NA,0.672525002499321,26.374392903609,6468.47164839225
"276","Ecuador",2011,"ECU",51593.6633841968,20.6,15.5,3.09511005659875,10.8418100518832,5223.35176320248
"277","Ecuador",2012,"ECU",52746.5726940589,20.1,12.5,2.94545286467451,9.60202380518489,5702.10431276527
"278","Ecuador",2013,"ECU",NA,19.5,11,2.87589068305185,9.61080026130241,6074.09082895834
"279","Ecuador",2014,"ECU",NA,18.9,8.2,2.72407609334274,10.255225518125,6432.21653724126
"280","Ecuador",2015,"ECU",NA,18.3,NA,2.44470495338958,19.2704973028365,6205.06222355685
"281","Egypt, Arab Rep.",2011,"EGY",288287.828043016,23.4,3.2,1.93158777623806,4.939255492947,2747.48032671166
"282","Egypt, Arab Rep.",2012,"EGY",295499.745446082,22.5,NA,1.64817579267929,20.6509821176545,3181.44170830415
"283","Egypt, Arab Rep.",2013,"EGY",NA,21.6,NA,1.61005697699419,61.3814448966602,3213.38915790942
"284","Egypt, Arab Rep.",2014,"EGY",NA,20.9,NA,1.68969483568075,38.53067345923,3327.75424726108
"285","Egypt, Arab Rep.",2015,"EGY",NA,20.1,NA,1.72314742829085,26.5274951190134,3547.71301183827
"286","El Salvador",2011,"SLV",12293.6068691146,15.7,72.2,0.953799293315539,44.8683581588228,3736.58713036289
"287","El Salvador",2012,"SLV",12577.7897375628,15.1,42.7,0.941898746934525,35.3482244553583,3827.78626660961
"288","El Salvador",2013,"SLV",NA,14.4,41.3,0.975322092421111,27.0590360206419,3895.66449099048
"289","El Salvador",2014,"SLV",NA,13.8,64.2,0.931579218359535,15.6148780111536,3988.77187105817
"290","El Salvador",2015,"SLV",NA,13.3,108.6,0.951929845841103,13.9739100872906,4127.11774995493
"291","Equatorial Guinea",2011,"GNQ",NA,76.4,NA,NA,24.6909855273612,21451.8861709069
"292","Equatorial Guinea",2012,"GNQ",6374.17105425022,74.3,NA,NA,13.9130535252982,21557.6527999109
"293","Equatorial Guinea",2013,"GNQ",NA,72.2,NA,NA,4.27221876712809,20246.9930826625
"294","Equatorial Guinea",2014,"GNQ",NA,70.1,NA,0.775977710618636,0.460411678873479,19002.5973267139
"295","Equatorial Guinea",2015,"GNQ",NA,68.2,3.2,NA,6.38937407105222,10347.3125725971
"296","Eritrea",2011,"ERI",4912.88017286787,37.9,NA,NA,29.814355854819,582.775530237486
"297","Eritrea",2012,"ERI",4977.88803281947,36.8,NA,NA,NA,NA
"298","Eritrea",2013,"ERI",NA,35.7,NA,NA,NA,NA
"299","Eritrea",2014,"ERI",NA,34.7,NA,NA,NA,NA
"300","Eritrea",2015,"ERI",NA,33.8,7.5,NA,NA,NA
"301","Estonia",2011,"EST",24378.846055451,3.4,4.9,1.67990251861665,NA,17454.8434246435
"302","Estonia",2012,"EST",23292.7792109021,3.1,4.8,1.89574598114537,NA,17421.8902227378
"303","Estonia",2013,"EST",NA,2.9,3.9,1.91105136866905,NA,19029.7745978842
"304","Estonia",2014,"EST",NA,2.6,3.1,1.95361405593124,NA,19941.455322403
"305","Estonia",2015,"EST",NA,2.5,3.2,2.08871513873327,NA,17074.9209104204
"306","Ethiopia",2011,"ETH",184045.876084179,51.1,NA,1.09070744610966,38.7859613732226,354.846354368724
"307","Ethiopia",2012,"ETH",185292.168103158,48.6,NA,0.868362090380475,34.8802909535152,468.506724907536
"308","Ethiopia",2013,"ETH",NA,46.4,NA,0.806417116516245,40.949343457748,502.153588732071
"309","Ethiopia",2014,"ETH",NA,44.4,NA,0.768419073536387,36.8166660220251,571.162275886001
"310","Ethiopia",2015,"ETH",NA,42.6,7.6,0.705490911964226,32.381013201031,645.463762722184
"311","Fiji",2011,"FJI",2213.24287418135,20.3,NA,1.61040390658576,86.9463928606851,4353.12139240993
"312","Fiji",2012,"FJI",2258.17305672094,20.1,3,1.49096168477433,120.616394763712,4546.73850445133
"313","Fiji",2013,"FJI",NA,19.8,NA,1.38677745541034,103.692673195296,4763.06895557778
"314","Fiji",2014,"FJI",NA,19.5,NA,1.03093069470964,106.388983592344,5046.03728026605
"315","Fiji",2015,"FJI",NA,19.1,NA,1.07395671787232,114.868704667046,4921.8962087863
"316","Finland",2011,"FIN",76124.6255948726,2.4,2,1.36994651265562,NA,50790.7241454802
"317","Finland",2012,"FIN",69072.9387223345,2.3,1.6,1.40345257341348,NA,47415.5598711351
"318","Finland",2013,"FIN",NA,2.1,1.7,1.40259076021206,NA,49638.0771298139
"319","Finland",2014,"FIN",NA,2,1.6,1.32036170026378,NA,49914.6186421589
"320","Finland",2015,"FIN",NA,2,1.6,1.31305754829102,NA,42405.3974427998
"321","France",2011,"FRA",502656.654982811,3.5,1.4,2.25665813943099,NA,43810.200880127
"322","France",2012,"FRA",499146.634492193,3.4,1.2,2.23893577596555,NA,40838.024436834
"323","France",2013,"FRA",NA,3.4,1.2,2.22242603259369,NA,42554.1220542413
"324","France",2014,"FRA",NA,3.3,1.2,2.23259913699375,NA,42955.2428655883
"325","France",2015,"FRA",NA,3.2,1.6,2.27422395787522,NA,36526.7701083069
"326","French Polynesia",2011,"PYF",NA,NA,NA,NA,NA,NA
"327","French Polynesia",2012,"PYF",NA,NA,NA,NA,NA,NA
"328","French Polynesia",2013,"PYF",NA,NA,NA,NA,NA,NA
"329","French Polynesia",2014,"PYF",NA,NA,NA,NA,NA,NA
"330","French Polynesia",2015,"PYF",NA,NA,NA,NA,NA,NA
"331","Gabon",2011,"GAB",34324.7623145748,40.4,NA,1.46243422997101,40.9227264611829,10716.2025830862
"332","Gabon",2012,"GAB",34570.626576672,39,NA,1.61980464787772,39.1901945393288,9774.18101733614
"333","Gabon",2013,"GAB",NA,37.6,NA,1.60404717949334,47.9895403602435,9679.74299512362
"334","Gabon",2014,"GAB",NA,36.9,NA,1.14481839629812,59.3214420329763,9692.16387376944
"335","Gabon",2015,"GAB",NA,35.8,9,1.19460285704825,51.1715258979108,7388.98414439318
"336","Gambia, The",2011,"GMB",3505.92445910053,47.4,NA,NA,77.715801354014,517.794206253788
"337","Gambia, The",2012,"GMB",3529.23152956181,46.3,NA,1.22435360526411,77.1200665880558,506.385343295221
"338","Gambia, The",2013,"GMB",NA,45.2,NA,1.14838770842972,62.2161602819089,486.079524712434
"339","Gambia, The",2014,"GMB",NA,44.2,NA,1.71941677710267,52.939434325485,442.746689932981
"340","Gambia, The",2015,"GMB",NA,43.2,9.1,1.48103240669062,54.5360767398702,474.716558719749
"341","Georgia",2011,"GEO",14665.8003034717,13.7,NA,3.24760629246872,151.592258064516,3725.06322121592
"342","Georgia",2012,"GEO",14627.7492943065,12.7,NA,3.1046060682171,172.337254901961,4142.8691753655
"343","Georgia",2013,"GEO",NA,11.8,NA,2.73769738243634,171.162605932203,4274.37685702961
"344","Georgia",2014,"GEO",NA,11,2.7,2.51758231737108,150.91226187282,4429.65007451491
"345","Georgia",2015,"GEO",NA,10.2,NA,2.3800332703407,120.435285572086,3764.64091159037
"346","Germany",2011,"DEU",929540.263405034,3.4,0.9,1.28111219627689,NA,46810.3279588057
"347","Germany",2012,"DEU",951716.711065489,3.3,0.8,1.31126144743425,NA,44065.2489082767
"348","Germany",2013,"DEU",NA,3.3,0.8,1.22399371603261,NA,46530.9114275776
"349","Germany",2014,"DEU",NA,3.3,0.9,1.18843474364981,NA,47902.6528842516
"350","Germany",2015,"DEU",NA,3.3,0.8,1.18368383220897,NA,41176.8815764652
"351","Ghana",2011,"GHA",107126.215493213,48.5,1.7,0.592259762335199,71.8045795770334,1574.97865331211
"352","Ghana",2012,"GHA",107784.294435056,46.8,NA,0.80416525577152,69.9213684317004,1629.80022222505
"353","Ghana",2013,"GHA",NA,45.2,NA,0.533396427241305,50.4288067399039,1814.492297022
"354","Ghana",2014,"GHA",NA,43.8,NA,0.678998541240099,41.677046800039,1432.2279425605
"355","Ghana",2015,"GHA",NA,42.4,NA,0.519715457408702,64.1083810825586,1361.1139050484
"356","Gibraltar",2011,"GIB",459.115654966115,NA,NA,NA,NA,NA
"357","Gibraltar",2012,"GIB",473.005729316361,NA,NA,NA,NA,NA
"358","Gibraltar",2013,"GIB",NA,NA,NA,NA,NA,NA
"359","Gibraltar",2014,"GIB",NA,NA,NA,NA,NA,NA
"360","Gibraltar",2015,"GIB",NA,NA,NA,NA,NA,NA
"361","Greece",2011,"GRC",105013.933556742,3.2,1.6,2.47694916594082,NA,25916.2935289351
"362","Greece",2012,"GRC",100571.170745123,3.2,1.5,2.40769137543344,NA,22242.681934771
"363","Greece",2013,"GRC",NA,3.2,1.4,2.35768125019468,NA,21874.8195041667
"364","Greece",2014,"GRC",NA,3.2,1,2.34297311013917,NA,21673.7810702225
"365","Greece",2015,"GRC",NA,3.1,0.8,2.53930856343836,NA,18007.7899088689
"366","Greenland",2011,"GRL",NA,NA,17.7,NA,NA,44212.4411398304
"367","Greenland",2012,"GRL",NA,NA,8.9,NA,NA,42398.6336725626
"368","Greenland",2013,"GRL",NA,NA,5.3,NA,NA,43967.1501550467
"369","Greenland",2014,"GRL",NA,NA,21.3,NA,NA,45317.1142867938
"370","Greenland",2015,"GRL",NA,NA,12.5,NA,NA,39569.1057905441
"371","Grenada",2011,"GRD",705.684685472562,13,3.8,NA,114.489650249822,7410.408438417
"372","Grenada",2012,"GRD",726.185419740993,13.3,13.3,NA,72.6197135029057,7583.18700190696
"373","Grenada",2013,"GRD",NA,13.6,5.7,NA,118.309114428424,7955.61598479197
"374","Grenada",2014,"GRD",NA,13.9,7.5,NA,373.354644603234,8569.77699775744
"375","Grenada",2015,"GRD",NA,14.2,NA,NA,217.368918678562,9212.19282433628
"376","Guam",2011,"GUM",84.7696534428198,NA,2.5,NA,NA,30862.1099963677
"377","Guam",2012,"GUM",85.8694584981447,NA,NA,NA,NA,32499.234245779
"378","Guam",2013,"GUM",NA,NA,NA,NA,NA,33446.6095089634
"379","Guam",2014,"GUM",NA,NA,NA,NA,NA,34578.5160933607
"380","Guam",2015,"GUM",NA,NA,NA,NA,NA,35439.4704475361
"381","Guatemala",2011,"GTM",30950.2537441356,28.1,37.7,0.414299267948206,25.3135360489946,3187.84529589412
"382","Guatemala",2012,"GTM",31515.4501791152,27.2,33.5,0.445274280951452,19.9652204798411,3299.60513936372
"383","Guatemala",2013,"GTM",NA,26.3,33.5,0.463794354486087,31.8410609138859,3452.82893369505
"384","Guatemala",2014,"GTM",NA,25.4,31.2,0.448824500354918,17.5739606955958,3687.76376676599
"385","Guatemala",2015,"GTM",NA,24.6,NA,0.43026667729748,25.1328586022434,3923.57334364713
"386","Guinea",2011,"GIN",100814.392078924,67.6,NA,NA,18.3150780640443,459.200901245016
"387","Guinea",2012,"GIN",101348.988273839,65.6,NA,2.98052820920924,53.8431652828191,502.348564622905
"388","Guinea",2013,"GIN",NA,63.7,NA,3.15833488199219,40.5266189432515,540.169320425396
"389","Guinea",2014,"GIN",NA,61.8,NA,2.97318238560544,47.7048469489964,561.099738732179
"390","Guinea",2015,"GIN",NA,60,8.5,3.3050830558159,44.5311607717566,554.040876644051
"391","Guinea-Bissau",2011,"GNB",7571.17684486716,69.3,NA,1.58478829808531,75.8134866685796,692.600998897335
"392","Guinea-Bissau",2012,"GNB",7604.73449731623,66.5,NA,2.46004290456718,48.6283520507112,607.751883291355
"393","Guinea-Bissau",2013,"GNB",NA,63.9,NA,2.11469270000669,62.8190984808162,610.566304703401
"394","Guinea-Bissau",2014,"GNB",NA,61.6,NA,1.93604038159999,63.8912839911366,642.625615352181
"395","Guinea-Bissau",2015,"GNB",NA,59.6,9.2,1.61216218467156,53.7015553569956,596.87171887261
"396","Guyana",2011,"GUY",6042.57849427375,30.2,17.2,1.25812293597529,211.640635429182,3439.59751346254
"397","Guyana",2012,"GUY",6140.68725152308,29.6,18.3,1.17645544462694,152.597760430014,3785.9356650841
"398","Guyana",2013,"GUY",NA,29,20.4,1.17603259896113,133.547734345011,3944.17817327896
"399","Guyana",2014,"GUY",NA,28.3,NA,1.27656352811911,210.389668231173,4030.80232062103
"400","Guyana",2015,"GUY",NA,27.6,19.4,1.46049033869776,40.2204774408794,4136.68991875588
"401","Haiti",2011,"HTI",8695.42577952115,57.5,9,NA,166.757121253371,740.935845216079
"402","Haiti",2012,"HTI",8835.46690838767,56.2,10,NA,123.755856863646,766.843762318888
"403","Haiti",2013,"HTI",NA,54.8,NA,NA,110.444281012169,810.265607301884
"404","Haiti",2014,"HTI",NA,53.5,NA,NA,102.375358785736,830.114811747702
"405","Haiti",2015,"HTI",NA,52.2,NA,NA,97.3451649654502,814.546395216916
"406","Honduras",2011,"HND",20084.1362219677,19.1,93.2,1.13130910330426,73.9822309497581,2120.58479781644
"407","Honduras",2012,"HND",20467.1629868832,18.4,92.7,1.14601887097912,66.5663725012774,2178.38302475967
"408","Honduras",2013,"HND",NA,17.8,81.9,1.5464235615184,72.2898524276128,2136.77390503332
"409","Honduras",2014,"HND",NA,17.1,74.6,1.61704252068393,68.8245128737904,2242.71191194694
"410","Honduras",2015,"HND",NA,16.6,63.8,1.51958367582504,59.9274910836933,2326.15850619017
"411","Hong Kong SAR, China",2011,"HKG",56946.3878595726,NA,0.2,NA,NA,35142.4879344543
"412","Hong Kong SAR, China",2012,"HKG",58633.5167723061,NA,0.4,NA,NA,36707.7742282554
"413","Hong Kong SAR, China",2013,"HKG",NA,NA,0.9,NA,NA,38357.8267596475
"414","Hong Kong SAR, China",2014,"HKG",NA,NA,0.4,NA,NA,40247.3669145832
"415","Hong Kong SAR, China",2015,"HKG",NA,NA,0.3,NA,NA,42351.0245957363
"416","Hungary",2011,"HUN",64385.0040495242,4.9,1.5,1.05079099478221,NA,14048.8795825413
"417","Hungary",2012,"HUN",62988.3997990485,4.9,1.2,1.03853670753613,NA,12834.3234884048
"418","Hungary",2013,"HUN",NA,4.8,1.6,0.950435433266963,NA,13613.6014689502
"419","Hungary",2014,"HUN",NA,4.7,1.5,0.868520724041137,NA,14117.9766762093
"420","Hungary",2015,"HUN",NA,4.6,NA,0.929227002243477,NA,12365.6260256139
"421","Iceland",2011,"ISL",5530.25743465459,1.9,0.9,0.132876112565637,NA,46000.0201705118
"422","Iceland",2012,"ISL",5514.85399229931,1.8,0.3,0.122687727122703,NA,44333.8501759313
"423","Iceland",2013,"ISL",NA,1.7,0.3,NA,NA,47810.3088819968
"424","Iceland",2014,"ISL",NA,1.7,0.3,NA,NA,52473.1135645153
"425","Iceland",2015,"ISL",NA,1.7,0.9,NA,NA,50734.4435967226
"426","India",2011,"IND",2828845.82898461,43.5,3.5,2.65149707220208,2.62198968275635,1461.67195733892
"427","India",2012,"IND",3002894.92752695,41.6,3.4,2.53734581156803,1.33156161045513,1446.98540954319
"428","India",2013,"IND",NA,39.7,3.3,2.47272635957892,1.92198704650121,1452.19537323178
"429","India",2014,"IND",NA,37.9,3.2,2.49677021090024,2.31270124493151,1573.11808897519
"430","India",2015,"IND",NA,36.2,NA,2.40512828477618,2.41630219099139,1613.18870760739
"431","Indonesia",2011,"IDN",763553.164939774,26.5,0.6,0.653776702606807,1.63625441633325,3634.27680451777
"432","Indonesia",2012,"IDN",780550.764031458,25.5,0.6,0.711549473406383,0.277278623575573,3687.95399645786
"433","Indonesia",2013,"IDN",NA,24.6,0.6,0.918769839183066,0.276234475583787,3620.66398109522
"434","Indonesia",2014,"IDN",NA,23.7,0.5,0.777855178232831,-1.49644624295846,3491.59588685069
"435","Indonesia",2015,"IDN",NA,22.9,NA,0.886971132633338,-0.165361212394477,3336.10668610138
"436","Iran, Islamic Rep.",2011,"IRN",NA,15.8,NA,2.41161265038282,1.40134829867521,7842.4346728734
"437","Iran, Islamic Rep.",2012,"IRN",NA,15.1,NA,2.8088617446573,1.985387890434,7680.60064376677
"438","Iran, Islamic Rep.",2013,"IRN",NA,14.6,NA,2.344930845445,1.69961060695457,6607.06835374872
"439","Iran, Islamic Rep.",2014,"IRN",NA,14,NA,2.32788902618586,1.03569530698539,5424.30997419193
"440","Iran, Islamic Rep.",2015,"IRN",NA,13.5,4.1,2.69135715291357,1.40195712256655,4957.58127645679
"441","Iraq",2011,"IRQ",151457.060059124,29.5,NA,2.30344021962536,60.3488133612662,5854.61449711212
"442","Iraq",2012,"IRQ",155529.505046712,28.9,NA,1.89956836613945,39.6893256466639,6651.12241981136
"443","Iraq",2013,"IRQ",NA,28.2,NA,3.3156798245614,45.4957767350109,6925.22404568487
"444","Iraq",2014,"IRQ",NA,27.4,NA,2.95064656432749,39.1663391045213,6703.07473722928
"445","Iraq",2015,"IRQ",NA,26.7,NA,5.34637052932761,41.1187405215949,4974.0269301667
"446","Ireland",2011,"IRL",61268.1023659476,3.4,0.9,0.540474296529715,NA,52567.5256791795
"447","Ireland",2012,"IRL",62433.0138852174,3.4,1.2,0.512592542185331,NA,49231.3625443705
"448","Ireland",2013,"IRL",NA,3.3,1.1,0.499752315738253,NA,52034.7673577458
"449","Ireland",2014,"IRL",NA,3.2,1.1,0.465418258549834,NA,55503.3262278936
"450","Ireland",2015,"IRL",NA,3.1,0.6,0.35142572517617,NA,60664.1043991579
"451","Isle of Man",2011,"IMN",NA,NA,NA,NA,NA,75117.9942036827
"452","Isle of Man",2012,"IMN",NA,NA,NA,NA,NA,79028.0449845932
"453","Isle of Man",2013,"IMN",NA,NA,NA,NA,NA,82356.82336654
"454","Isle of Man",2014,"IMN",NA,NA,NA,NA,NA,89941.6442851908
"455","Isle of Man",2015,"IMN",NA,NA,NA,NA,NA,NA
"456","Israel",2011,"ISR",81703.9131146652,3.5,2,5.88146417427245,NA,33657.1572746314
"457","Israel",2012,"ISR",84044.4344111728,3.3,1.7,5.72189013724836,NA,32569.5968257028
"458","Israel",2013,"ISR",NA,3.3,NA,5.75272928620985,NA,36393.6693204984
"459","Israel",2014,"ISR",NA,3.1,1.5,5.8639792208436,NA,37582.8462414114
"460","Israel",2015,"ISR",NA,3,1.4,5.59753622636539,NA,35729.3725285817
"461","Italy",2011,"ITA",482619.037546784,3.3,0.9,1.67509134660023,NA,38334.684770025
"462","Italy",2012,"ITA",482634.000294537,3.2,0.9,1.6273830134052,NA,34814.1243593936
"463","Italy",2013,"ITA",NA,3.1,0.8,1.59080237617409,NA,35370.274411922
"464","Italy",2014,"ITA",NA,3,0.8,1.4673030748382,NA,35396.6651676845
"465","Italy",2015,"ITA",NA,2.9,0.8,1.38614448194983,NA,30049.1475451649
"466","Jamaica",2011,"JAM",15053.5054602312,15.2,41.2,0.925445467203407,13.9212219291583,5103.54948702119
"467","Jamaica",2012,"JAM",15474.3204085017,14.8,39.8,0.929816956160669,9.87683175454208,5210.30336324041
"468","Jamaica",2013,"JAM",NA,14.4,43.3,0.899594874005833,25.1033818207193,5006.14495151
"469","Jamaica",2014,"JAM",NA,14,36.1,0.872888947337355,32.6579869864194,4855.74378888037
"470","Jamaica",2015,"JAM",NA,13.6,43.2,0.829287610972455,19.7915411705144,4965.98985689509
"471","Japan",2011,"JPN",1396767.26078631,2.4,0.3,0.986806292524448,NA,48167.9972684965
"472","Japan",2012,"JPN",1478858.88126732,2.2,0.3,0.96742708258411,NA,48603.4766497749
"473","Japan",2013,"JPN",NA,2.1,0.3,0.950865860745235,NA,40454.4474578903
"474","Japan",2014,"JPN",NA,2,0.3,0.96224338035188,NA,38096.2115051033
"475","Japan",2015,"JPN",NA,2,NA,0.937771183303515,NA,34474.1373599536
"476","Jordan",2011,"JOR",26440.7735323218,17.5,2.1,5.52973012543545,128.593706909742,3807.32414491854
"477","Jordan",2012,"JOR",27198.5945143973,17,2.3,4.76065450936848,144.820697915427,3870.75321121669
"478","Jordan",2013,"JOR",NA,16.5,2,4.30117372696012,166.439174161796,3992.86710705268
"479","Jordan",2014,"JOR",NA,16,NA,4.32321000461794,306.169407669571,4066.94077543088
"480","Jordan",2015,"JOR",NA,15.5,NA,4.30748371461253,234.734044144412,4096.09927499826
"481","Kazakhstan",2011,"KAZ",350475.734882164,17.3,8.6,0.93651349522851,12.1293019098124,11634.4242158163
"482","Kazakhstan",2012,"KAZ",366502.19730054,15.5,7.5,1.04690648548282,7.85281773286067,12387.1898225308
"483","Kazakhstan",2013,"KAZ",NA,13.9,6.5,1.07808475068954,5.3277684099611,13890.8560077898
"484","Kazakhstan",2014,"KAZ",NA,12.5,5.2,1.04169205733297,5.37155398067606,12806.5651078094
"485","Kazakhstan",2015,"KAZ",NA,11.2,4.8,1.10972144949649,4.71040848657836,10509.9810699442
"486","Kenya",2011,"KEN",53513.9923820998,41.3,6.4,1.54141878592068,58.3432436571711,987.445396712381
"487","Kenya",2012,"KEN",54302.0956122537,40.6,6.5,1.66638897819246,60.7987388900068,1155.02058181812
"488","Kenya",2013,"KEN",NA,39.6,6.6,1.56189181232262,73.795282822578,1229.11479786504
"489","Kenya",2014,"KEN",NA,38.2,5.9,1.33296066014982,57.8242991466455,1335.06458006543
"490","Kenya",2015,"KEN",NA,36.5,5.8,1.32302640973471,52.3703623523616,1349.97014383813
"491","Kiribati",2011,"KIR",NA,47.3,10.5,NA,620.126891912552,1692.61327703329
"492","Kiribati",2012,"KIR",NA,46.5,7.5,NA,615.96615797323,1763.81549743152
"493","Kiribati",2013,"KIR",NA,45.6,NA,NA,598.793016077763,1724.36173659455
"494","Kiribati",2014,"KIR",NA,44.6,NA,NA,730.23230549168,1684.50427437246
"495","Kiribati",2015,"KIR",NA,43.6,NA,NA,577.810990418746,1424.48361073121
"496","Korea, Rep.",2011,"KOR",650085.534882287,3.4,0.9,2.57734596651412,NA,24079.788523886
"497","Korea, Rep.",2012,"KOR",668989.651446327,3.3,0.8,2.6129823173389,NA,24358.7821758226
"498","Korea, Rep.",2013,"KOR",NA,3.2,0.7,2.63127224026885,NA,25890.0186698906
"499","Korea, Rep.",2014,"KOR",NA,3.1,0.7,2.64191150499169,NA,27811.36638377
"500","Korea, Rep.",2015,"KOR",NA,3,NA,2.63477209190397,NA,27105.076226264
"501","Kuwait",2011,"KWT",96788.1942169604,8.9,1.8,3.50139726568748,NA,48268.5912045543
"502","Kuwait",2012,"KWT",NA,8.5,1.8,3.41374157981372,NA,51264.0713358672
"503","Kuwait",2013,"KWT",NA,8.2,NA,3.27151857985674,NA,48399.9058087085
"504","Kuwait",2014,"KWT",NA,7.8,NA,3.58566490223615,NA,42996.4081162021
"505","Kuwait",2015,"KWT",NA,7.5,NA,4.82697071251639,NA,28975.4010764335
"506","Kyrgyz Republic",2011,"KGZ",13853.6745152227,24.6,8.9,3.39873093065435,94.8989953940449,1123.8831680627
"507","Kyrgyz Republic",2012,"KGZ",13794.7412448409,23.2,5.3,3.20738180952636,83.9081894706806,1177.97473487848
"508","Kyrgyz Republic",2013,"KGZ",NA,22,3.6,3.19621902712902,94.3160360864396,1282.43716202467
"509","Kyrgyz Republic",2014,"KGZ",NA,20.9,3.7,3.37589282594698,107.394396367064,1279.76978265986
"510","Kyrgyz Republic",2015,"KGZ",NA,19.9,5.1,3.45165293268545,129.093991841394,1121.08283510739
"511","Lao PDR",2011,"LAO",161456.982700603,56.7,NA,0.230107056726626,63.1232052738089,1304.38401463233
"512","Lao PDR",2012,"LAO",161718.737448862,55,NA,0.199454723685823,63.9842847476037,1588.63586575363
"513","Lao PDR",2013,"LAO",NA,53.5,NA,0.189896342697647,65.1822749419244,1838.79477852383
"514","Lao PDR",2014,"LAO",NA,51.9,NA,NA,72.1398054284132,2017.56334381982
"515","Lao PDR",2015,"LAO",NA,50.4,6.9,NA,70.6921267767382,2159.42297763653
"516","Latvia",2011,"LVA",14150.0953121195,6.2,3.3,1.04271532330012,NA,13702.6894696051
"517","Latvia",2012,"LVA",13943.921724239,5.7,4.8,0.909273137563019,NA,13822.8055940347
"518","Latvia",2013,"LVA",NA,5.2,3.4,0.937396813939196,NA,15032.2292372545
"519","Latvia",2014,"LVA",NA,4.7,3.9,0.943246360292011,NA,15725.0137425111
"520","Latvia",2015,"LVA",NA,4.3,4.1,1.04603244489791,NA,13666.5833641408
"521","Lebanon",2011,"LBN",NA,8.4,3.7,4.05832602327083,103.629438615211,8734.90065315874
"522","Lebanon",2012,"LBN",NA,8,3.9,4.06714508002419,144.735867922978,8787.94660773667
"523","Lebanon",2013,"LBN",NA,7.7,4.5,4.36440296283451,117.81424998986,8406.28515340449
"524","Lebanon",2014,"LBN",NA,7.4,4.3,4.9639602816229,146.524918712775,8161.46140030361
"525","Lebanon",2015,"LBN",NA,7.2,3.9,4.75614359627978,166.653593048868,8046.63285144014
"526","Lesotho",2011,"LSO",3449.40565110162,73.2,NA,2.08377606575905,124.394065205996,1352.38430260689
"527","Lesotho",2012,"LSO",3472.70753642453,75,NA,1.9878685369252,132.186371970709,1281.50016047685
"528","Lesotho",2013,"LSO",NA,75.2,NA,1.89311070845264,151.447958095006,1196.01334985872
"529","Lesotho",2014,"LSO",NA,74.5,NA,1.89187235201271,49.9444259327006,1174.83921426715
"530","Lesotho",2015,"LSO",NA,74.5,NA,1.88532584218144,38.2315274447094,1073.82809348165
"531","Liberia",2011,"LBR",2797.37082211107,62.2,3.9,0.858742073249644,187.277327932736,379.68958030469
"532","Liberia",2012,"LBR",2833.94277850522,59.4,3.2,0.874618265629502,135.525878720469,415.036195795687
"533","Liberia",2013,"LBR",NA,57,NA,0.776342152581557,125.033507990941,454.122223619442
"534","Liberia",2014,"LBR",NA,54.8,NA,0.721857923497268,170.725324700614,458.465173386609
"535","Liberia",2015,"LBR",NA,52.9,NA,0.663544739429695,243.233819026091,452.038071650923
"536","Libya",2011,"LBY",80072.8192017551,13.9,NA,NA,103.511729472555,5602.54943425492
"537","Libya",2012,"LBY",82129.133946468,12.9,NA,NA,14.0555620627602,NA
"538","Libya",2013,"LBY",NA,12.4,NA,NA,20.7925474138835,NA
"539","Libya",2014,"LBY",NA,11.9,NA,NA,33.9017309176436,NA
"540","Libya",2015,"LBY",NA,11.5,2.5,NA,25.2784502855273,NA
"541","Liechtenstein",2011,"LIE",NA,NA,0,NA,NA,158283.076259582
"542","Liechtenstein",2012,"LIE",NA,NA,0,NA,NA,149295.646043634
"543","Liechtenstein",2013,"LIE",NA,NA,0,NA,NA,173528.150454463
"544","Liechtenstein",2014,"LIE",NA,NA,2.7,NA,NA,179478.584827866
"545","Liechtenstein",2015,"LIE",NA,NA,0,NA,NA,NA
"546","Lithuania",2011,"LTU",29324.6896732865,4.4,6.9,0.791758838297082,NA,14357.7367898041
"547","Lithuania",2012,"LTU",29442.2123465731,4.1,6.7,0.766686633823058,NA,14341.0830628051
"548","Lithuania",2013,"LTU",NA,3.9,6.7,0.763724560902142,NA,15712.8237625955
"549","Lithuania",2014,"LTU",NA,3.9,5.5,0.879386211998402,NA,16554.9713919032
"550","Lithuania",2015,"LTU",NA,4.1,6,1.13821125100633,NA,14252.4285255672
"551","Luxembourg",2011,"LUX",12929.5408156803,2.3,0.8,0.428237494657178,NA,115761.507705096
"552","Luxembourg",2012,"LUX",12610.9976195246,2.2,0,0.419039718263302,NA,106749.013622989
"553","Luxembourg",2013,"LUX",NA,2.1,0.2,0.41848158430718,NA,113751.80046403
"554","Luxembourg",2014,"LUX",NA,2.1,0.7,0.420855447752365,NA,119172.741757442
"555","Luxembourg",2015,"LUX",NA,2.1,NA,0.475738138291077,NA,101909.822325793
"556","Macao SAR, China",2011,"MAC",NA,NA,0.7,NA,NA,66813.3497409986
"557","Macao SAR, China",2012,"MAC",NA,NA,0.7,NA,NA,76496.3661850194
"558","Macao SAR, China",2013,"MAC",NA,NA,0.2,NA,NA,89524.8443607146
"559","Macao SAR, China",2014,"MAC",NA,NA,0,NA,NA,94004.3898288491
"560","Macao SAR, China",2015,"MAC",NA,NA,0.2,NA,NA,75573.4807143851
"561","Macedonia, FYR",2011,"MKD",12645.7140398317,9,1.5,1.26218800222325,92.7869028070584,5064.04110600499
"562","Macedonia, FYR",2012,"MKD",12992.2469938559,9.1,1.4,1.22531888588674,71.2186287991144,4698.6894759835
"563","Macedonia, FYR",2013,"MKD",NA,9.5,1.1,1.16943718855289,94.7758846367486,5211.49920049925
"564","Macedonia, FYR",2014,"MKD",NA,10.1,1.6,1.08473356471963,102.026719679229,5469.21789842179
"565","Macedonia, FYR",2015,"MKD",NA,10.5,NA,1.04981728288908,103.082371635179,4834.13672297387
"566","Madagascar",2011,"MDG",117586.217732155,41.2,NA,0.727707094386213,20.5634220352522,454.963463976433
"567","Madagascar",2012,"MDG",117932.597060147,39.3,NA,0.691911720836628,16.4897767545834,443.906100111531
"568","Madagascar",2013,"MDG",NA,37.8,NA,0.67798371573134,21.7445592654652,461.723072174234
"569","Madagascar",2014,"MDG",NA,36.4,NA,0.652799413992072,24.8514177800822,452.463192574895
"570","Madagascar",2015,"MDG",NA,35.2,NA,0.605143776328608,27.936268944802,401.857595060727
"571","Malawi",2011,"MWI",21525.7616594699,53.2,2.3,0.659728503663272,51.0282501146368,512.125405055438
"572","Malawi",2012,"MWI",21632.1320932947,49.6,1.8,0.821665968137918,72.688564949226,374.501880192755
"573","Malawi",2013,"MWI",NA,46.2,NA,1.24296384761735,68.3271976776221,332.922303904319
"574","Malawi",2014,"MWI",NA,43.4,NA,0.891434485877798,54.5702056578192,354.725396088931
"575","Malawi",2015,"MWI",NA,40.9,NA,0.695120365512318,59.7139790368591,362.657544352305
"576","Malaysia",2011,"MYS",271818.836761596,6.8,NA,1.57491283083973,1.42517260617798,10405.120619133
"577","Malaysia",2012,"MYS",279098.376755817,6.8,NA,1.43340907757109,0.628032691706979,10779.4964087235
"578","Malaysia",2013,"MYS",NA,6.9,NA,1.52059712569936,-3.80856536048876,10882.2784207824
"579","Malaysia",2014,"MYS",NA,6.9,NA,1.45508312049354,0.663622757655588,11183.9619119992
"580","Malaysia",2015,"MYS",NA,7,NA,1.52964133799543,-0.0192037569058256,9643.64468338462
"581","Maldives",2011,"MDV",NA,10.3,0.9,NA,144.005305039788,6497.55044274666
"582","Maldives",2012,"MDV",NA,9.5,2.9,NA,147.350649350649,6541.07046499268
"583","Maldives",2013,"MDV",NA,8.7,0.9,NA,55.2162849872774,7112.33575009549
"584","Maldives",2014,"MDV",NA,8.2,NA,NA,56.2094763092269,7716.20401546133
"585","Maldives",2015,"MDV",NA,7.7,NA,NA,65.5728890442195,8395.78519750383
"586","Mali",2011,"MLI",77134.1826164302,77.2,NA,1.2410333300729,81.5668809752069,835.088909759747
"587","Mali",2012,"MLI",77437.931654233,75.1,NA,1.19640574526633,62.1978212832525,777.347686759476
"588","Mali",2013,"MLI",NA,73.2,NA,1.2005830916133,84.814627762001,777.605913889789
"589","Mali",2014,"MLI",NA,71.4,NA,1.55753592358689,72.8604150506348,825.572991487261
"590","Mali",2015,"MLI",NA,69.6,10.8,2.42550002212833,68.7231811714112,729.720533846474
"591","Malta",2011,"MLT",NA,6,0.7,0.588311774515519,NA,22821.8406972896
"592","Malta",2012,"MLT",NA,6,2.9,0.542686089896162,NA,21930.8083576552
"593","Malta",2013,"MLT",NA,6,1.7,0.530888205327519,NA,23930.1880818804
"594","Malta",2014,"MLT",NA,6,1.4,0.505123484148466,NA,26180.9259852411
"595","Malta",2015,"MLT",NA,6,1,0.503514834816308,NA,23819.4635962242
"596","Marshall Islands",2011,"MHL",NA,31.7,NA,NA,1566.74660271783,3286.4165810209
"597","Marshall Islands",2012,"MHL",NA,31.4,4.7,NA,1592.19945692422,3513.96236446841
"598","Marshall Islands",2013,"MHL",NA,31,NA,NA,1775.61419127536,3617.75235353172
"599","Marshall Islands",2014,"MHL",NA,30.4,NA,NA,1052.9698665356,3461.64505274301
"600","Marshall Islands",2015,"MHL",NA,29.8,NA,NA,1076.72566705665,3385.90406461109
"601","Mauritania",2011,"MRT",13153.8609240339,60.8,NA,NA,102.677159254501,1393.26159314382
"602","Mauritania",2012,"MRT",13343.1626272099,59.5,NA,2.72018663461569,106.98810178686,1364.28374502224
"603","Mauritania",2013,"MRT",NA,58.3,NA,2.55709426627794,74.723085928888,1450.57803807082
"604","Mauritania",2014,"MRT",NA,57,NA,2.69588976412809,64.1523455186126,1326.66880206341
"605","Mauritania",2015,"MRT",NA,55.7,10.2,2.75074522321005,76.0602734210338,1158.25646878004
"606","Mauritius",2011,"MUS",NA,13.2,2.7,0.152035252096647,148.266853187949,9197.02697152061
"607","Mauritius",2012,"MUS",NA,13.1,NA,0.14279440115901,140.682006749042,9291.22761861899
"608","Mauritius",2013,"MUS",NA,13.1,NA,0.191274365797791,115.790452173872,9637.00265000958
"609","Mauritius",2014,"MUS",NA,13.1,NA,0.15421030347241,35.3071611995553,10153.9382184867
"610","Mauritius",2015,"MUS",NA,12.7,NA,0.180331311473809,60.6286209859774,9252.11072429051
"611","Mexico",2011,"MEX",652861.29145972,14.4,22.6,0.552549299820041,8.17171770157695,9834.47268850955
"612","Mexico",2012,"MEX",663424.954361171,14,21.3,0.588133033315978,3.37611285077428,9820.53257157551
"613","Mexico",2013,"MEX",NA,13.6,18.6,0.62105602266582,4.58959115914773,10298.8676612051
"614","Mexico",2014,"MEX",NA,13.3,16,0.667235873791126,6.55997024672038,10452.2776576596
"615","Mexico",2015,"MEX",NA,12.9,16.3,0.672394054846882,2.45355208181011,9143.12849376552
"616","Micronesia, Fed. Sts.",2011,"FSM",NA,31.5,NA,NA,1289.77075037693,2998.87404801485
"617","Micronesia, Fed. Sts.",2012,"FSM",NA,30.7,NA,NA,1384.11447011198,3148.07493502604
"618","Micronesia, Fed. Sts.",2013,"FSM",NA,29.9,NA,NA,1380.97625889568,3044.54687469866
"619","Micronesia, Fed. Sts.",2014,"FSM",NA,29.1,NA,NA,1124.93390376388,3057.94356583185
"620","Micronesia, Fed. Sts.",2015,"FSM",NA,28.3,4.7,NA,779.351354456925,3016.0112225063
"621","Moldova",2011,"MDA",11433.4868914836,14.6,7.5,0.327388277141414,129.688712258981,1970.57137253336
"622","Moldova",2012,"MDA",11350.629999647,14.4,5.6,0.327674671710159,133.58265540934,2046.53678665109
"623","Moldova",2013,"MDA",NA,14.3,4.1,0.334494080191026,97.9860988948919,2243.979662444
"624","Moldova",2014,"MDA",NA,14.1,3.2,0.345292280232039,145.619288285307,2244.76376248334
"625","Moldova",2015,"MDA",NA,13.9,NA,0.353940422476604,87.9433039176075,1832.4990518988
"626","Monaco",2011,"MCO",NA,3.2,NA,NA,NA,162009.877819276
"627","Monaco",2012,"MCO",NA,3.1,NA,NA,NA,NA
"628","Monaco",2013,"MCO",NA,3,NA,NA,NA,NA
"629","Monaco",2014,"MCO",NA,2.9,NA,NA,NA,NA
"630","Monaco",2015,"MCO",NA,2.8,NA,NA,NA,NA
"631","Mongolia",2011,"MNG",NA,20.3,9.6,0.837270239822086,127.143931087128,3769.59525505189
"632","Mongolia",2012,"MNG",NA,19,7.1,0.924305621065533,158.416559295522,4368.08224755108
"633","Mongolia",2013,"MNG",NA,17.8,7.3,0.822311487968667,150.053657810601,4385.37935468846
"634","Mongolia",2014,"MNG",NA,16.9,7.5,0.859628078568314,108.447769688115,4181.5833210635
"635","Mongolia",2015,"MNG",NA,16.1,7.2,0.866220331540455,79.10975159538,3944.18003872251
"636","Montenegro",2011,"MNE",NA,5.6,3.4,1.74896930267889,204.215914423807,7318.74244854117
"637","Montenegro",2012,"MNE",NA,5,2.7,1.65646385514145,166.113170942361,6586.7192089878
"638","Montenegro",2013,"MNE",NA,4.6,1.6,1.45226099418852,188.632774582386,7186.42978682154
"639","Montenegro",2014,"MNE",NA,4.2,3.2,1.47227149715928,161.496276997797,7378.34528902948
"640","Montenegro",2015,"MNE",NA,3.8,2.7,1.38175656475758,160.666324846221,6461.19255426627
"641","Morocco",2011,"MAR",78381.399786628,27.8,1.4,3.29749523520352,43.8311500080207,3039.91601555658
"642","Morocco",2012,"MAR",80436.7152145251,26.8,1.2,3.46275007931538,44.1335966937332,2904.74672773209
"643","Morocco",2013,"MAR",NA,25.8,1.3,3.80578290120645,59.38399756699,3111.76288654102
"644","Morocco",2014,"MAR",NA,25,1,3.68454556477456,65.2842428664865,3154.51348420947
"645","Morocco",2015,"MAR",NA,24.1,NA,3.24898724627707,39.3313029141299,2847.28556871398
"646","Mozambique",2011,"MOZ",380073.237805556,66.1,3.4,0.90525978289611,82.82086634972,526.531351664068
"647","Mozambique",2012,"MOZ",380308.292508061,62.7,NA,0.911222375466957,80.6843396670105,566.051387255338
"648","Mozambique",2013,"MOZ",NA,59.8,NA,0.985664540911346,87.4883655265198,605.985608081366
"649","Mozambique",2014,"MOZ",NA,57.2,NA,1.02441412273758,77.3916079819841,623.287114146296
"650","Mozambique",2015,"MOZ",NA,55.1,NA,0.993498104001527,64.7977588271564,528.312559713655
"651","Myanmar",2011,"MMR",526919.838488792,47.6,2,NA,7.51586981995204,1186.42393738945
"652","Myanmar",2012,"MMR",528416.217662507,45.9,2.7,3.71103679608328,9.89536174212656,1171.50825745974
"653","Myanmar",2013,"MMR",NA,44.3,2.4,3.80915025550223,76.5064726467766,1168.80394672698
"654","Myanmar",2014,"MMR",NA,42.8,2.5,3.57903020041841,26.6640695466324,1262.89378167533
"655","Myanmar",2015,"MMR",NA,41.4,2.4,4.07722734443389,22.2984386837494,1194.59013673449
"656","Namibia",2011,"NAM",37855.6522446755,39.2,13.7,3.57458895303918,125.567504550643,5600.97139163233
"657","Namibia",2012,"NAM",38049.2707847565,39.3,16.9,3.16651318518881,111.505017372415,5749.4047524812
"658","Namibia",2013,"NAM",NA,36.9,NA,3.06730014942668,112.686270785489,5488.13171199292
"659","Namibia",2014,"NAM",NA,35.1,NA,4.18123039070097,95.4115408234191,5421.34395342219
"660","Namibia",2015,"NAM",NA,34.5,NA,4.69903308543521,58.7080679479922,4737.66990632261
"661","Nepal",2011,"NPL",33160.9713713475,35.7,2.9,1.54065169713099,32.4450261858657,692.116684217348
"662","Nepal",2012,"NPL",40762.7152881677,34.1,2.8,1.43183199069758,27.836603535091,681.792586817722
"663","Nepal",2013,"NPL",NA,32.5,2.3,1.54186020031728,31.2067295306002,688.617278796698
"664","Nepal",2014,"NPL",NA,31,2.3,1.62934106187712,31.2047621951174,706.238697681072
"665","Nepal",2015,"NPL",NA,29.6,NA,1.54264375463333,42.4256014789358,743.765348857832
"666","Netherlands",2011,"NLD",200143.54444018,3.6,0.9,1.30325432512766,NA,53540.6053553521
"667","Netherlands",2012,"NLD",195873.763889571,3.5,0.9,1.25034874853526,NA,49474.705606422
"668","Netherlands",2013,"NLD",NA,3.5,0.7,1.17993467616906,NA,51574.489418462
"669","Netherlands",2014,"NLD",NA,3.4,0.7,1.17464645977122,NA,52157.4068701887
"670","Netherlands",2015,"NLD",NA,3.3,0.6,1.15527595926868,NA,44292.8847318584
"671","New Caledonia",2011,"NCL",NA,NA,NA,NA,NA,NA
"672","New Caledonia",2012,"NCL",NA,NA,NA,NA,NA,NA
"673","New Caledonia",2013,"NCL",NA,NA,NA,NA,NA,NA
"674","New Caledonia",2014,"NCL",NA,NA,NA,NA,NA,NA
"675","New Caledonia",2015,"NCL",NA,NA,NA,NA,NA,NA
"676","New Zealand",2011,"NZL",75851.1222399306,5,0.9,1.23475316660492,NA,38426.5508077771
"677","New Zealand",2012,"NZL",78130.9798816606,5,0.9,1.18900364184815,NA,39970.2562445037
"678","New Zealand",2013,"NZL",NA,4.9,1,1.12014307666482,NA,42889.8814066272
"679","New Zealand",2014,"NZL",NA,4.7,0.9,1.13313575225482,NA,44503.2467325879
"680","New Zealand",2015,"NZL",NA,4.6,NA,1.10714782228754,NA,38201.8903655116
"681","Nicaragua",2011,"NIC",16068.6412130905,20,12.7,0.526411336509848,119.06532915965,1682.95792434336
"682","Nicaragua",2012,"NIC",16323.0434302921,19.3,11.5,0.665903553721293,90.5122043018437,1792.0380448462
"683","Nicaragua",2013,"NIC",NA,18.6,NA,0.678614214781299,83.3873355189853,1847.19804868568
"684","Nicaragua",2014,"NIC",NA,17.9,NA,0.685091959091358,71.6345551885044,1975.46470748978
"685","Nicaragua",2015,"NIC",NA,17.3,NA,0.776083433770798,74.6707310957599,2095.96648814515
"686","Niger",2011,"NER",11342.1190258822,59.8,4.9,1.30980368816276,37.7781278194273,375.58198660135
"687","Niger",2012,"NER",11460.9158280465,57.5,4.5,2.14435690371762,50.2570716269014,391.515502437865
"688","Niger",2013,"NER",NA,55.6,NA,1.38321531567798,43.2695052504096,416.14008377196
"689","Niger",2014,"NER",NA,53.8,NA,NA,47.9303062075904,430.60464978834
"690","Niger",2015,"NER",NA,52.3,NA,NA,43.5176922711579,358.997030070782
"691","Nigeria",2011,"NGA",296799.948975518,78.3,NA,0.579227030995324,10.8529084841872,2527.94200278768
"692","Nigeria",2012,"NGA",301010.125866092,75.7,NA,0.502541128653135,11.4421463052562,2755.29778740678
"693","Nigeria",2013,"NGA",NA,73.3,NA,0.469695304619353,14.6410417552587,2996.96430245373
"694","Nigeria",2014,"NGA",NA,71,NA,0.414718774984542,14.0485829514415,3221.67812819676
"695","Nigeria",2015,"NGA",NA,69,9.8,0.41763653774706,13.4207781993753,2655.15797701046
"696","Northern Mariana Islands",2011,"MNP",12.3661486251,NA,NA,NA,NA,13628.0816569367
"697","Northern Mariana Islands",2012,"MNP",12.4885857402,NA,NA,NA,NA,13980.4162478127
"698","Northern Mariana Islands",2013,"MNP",NA,NA,NA,NA,NA,14434.8212302909
"699","Northern Mariana Islands",2014,"MNP",NA,NA,NA,NA,NA,15348.4614819711
"700","Northern Mariana Islands",2015,"MNP",NA,NA,NA,NA,NA,16819.9065966141
"701","Norway",2011,"NOR",64181.1477579667,2.5,2.2,1.45180487060584,NA,100574.986143004
"702","Norway",2012,"NOR",63536.7320746753,2.4,0.5,1.4015880167597,NA,101563.702677597
"703","Norway",2013,"NOR",NA,2.3,0.9,1.41403794168538,NA,102910.435039364
"704","Norway",2014,"NOR",NA,2.3,0.6,1.47224643202985,NA,97005.4985619729
"705","Norway",2015,"NOR",NA,2.2,NA,1.50425045221501,NA,74505.2465396901
"706","Oman",2011,"OMN",60705.5913108149,9.9,1.1,9.81437230993811,NA,20986.0003574378
"707","Oman",2012,"OMN",62201.5508044815,9.8,NA,16.0832797970841,NA,22134.9100562479
"708","Oman",2013,"OMN",NA,9.6,NA,14.8069875912473,NA,21268.7564036272
"709","Oman",2014,"OMN",NA,9.5,NA,13.5144655606445,NA,20458.4522649443
"710","Oman",2015,"OMN",NA,9.3,NA,14.3841882811013,NA,16627.3643320866
"711","Pakistan",2011,"PAK",362475.094356567,72.2,8,3.28565081602325,20.0824110030834,1226.21531390333
"712","Pakistan",2012,"PAK",369734.583692698,70.7,7.8,3.48439877285312,11.3393997903441,1261.20896743422
"713","Pakistan",2013,"PAK",NA,69.1,NA,3.47097253809412,12.0765982126886,1272.44106100063
"714","Pakistan",2014,"PAK",NA,67.3,NA,3.47657944030318,19.4817726773114,1316.98096583434
"715","Pakistan",2015,"PAK",NA,65.7,NA,3.54491789850583,20.0149420864648,1431.24486452697
"716","Palau",2011,"PLW",NA,16,NA,NA,1358.31836496917,9704.35458031943
"717","Palau",2012,"PLW",NA,15.5,3.1,NA,744.773099527893,10318.9131900954
"718","Palau",2013,"PLW",NA,15.1,NA,NA,1693.11663479924,10932.1223709369
"719","Palau",2014,"PLW",NA,14.6,NA,NA,1113.11273347871,11894.3775481179
"720","Palau",2015,"PLW",NA,14.1,NA,NA,654.359263434799,13500.5636978579
"721","Panama",2011,"PAN",15860.4557625829,16.3,20.6,NA,29.713181627183,9270.72317088761
"722","Panama",2012,"PAN",16248.7722905672,15.8,17.5,NA,13.610083176559,10589.8271320653
"723","Panama",2013,"PAN",NA,15.4,17.4,NA,2.39939850909036,11685.9798273371
"724","Panama",2014,"PAN",NA,14.9,14.7,NA,-49.5032512923971,12593.7370420898
"725","Panama",2015,"PAN",NA,14.5,11.4,NA,2.20948597581054,13134.043669218
"726","Papua New Guinea",2011,"PNG",10888.0894662948,48.5,NA,0.498656706637835,84.2964183307774,1770.86711851839
"727","Papua New Guinea",2012,"PNG",11087.4570564505,47.3,NA,0.718740255690677,90.2011563705618,2071.31874144127
"728","Papua New Guinea",2013,"PNG",NA,46,NA,0.681890446596329,86.6761097425017,2029.95360445923
"729","Papua New Guinea",2014,"PNG",NA,44.9,NA,0.66381875779975,74.7519432268945,2182.71656543065
"730","Papua New Guinea",2015,"PNG",NA,43.8,NA,NA,74.4637665604985,NA
"731","Paraguay",2011,"PRY",50445.1164029722,19.8,10.4,1.13589685577477,14.7891975303248,3988.0118937838
"732","Paraguay",2012,"PRY",50843.9542041131,19.2,10.2,1.30476018783401,16.3922887739079,3855.53773490999
"733","Paraguay",2013,"PRY",NA,18.6,9.3,1.28155911324872,20.2157834988725,4479.90585798851
"734","Paraguay",2014,"PRY",NA,18.1,8.8,1.29001222462496,9.52906517489894,4712.8227356279
"735","Paraguay",2015,"PRY",NA,17.6,9.3,1.41679725795426,8.46347233721824,4109.36772421106
"736","Peru",2011,"PER",73289.702901321,14.9,5.4,1.17913789057793,20.0877090377957,5771.56587815221
"737","Peru",2012,"PER",74806.9567445781,14.1,6.5,1.32603600252691,12.7842579218399,6387.78528050603
"738","Peru",2013,"PER",NA,13.5,6.6,1.47080030165358,11.9025512112983,6583.11624846311
"739","Peru",2014,"PER",NA,12.9,6.7,1.45693612249904,10.6045990369658,6491.05245028136
"740","Peru",2015,"PER",NA,12.4,7.2,1.6864804398807,10.5734607728143,6030.34325949661
"741","Philippines",2011,"PHL",163797.78766544,24.4,9.2,1.2052534093783,-1.92835823276616,2352.51815590027
"742","Philippines",2012,"PHL",167297.549725585,23.9,8.8,1.15904713993036,-0.034790098329206,2581.81855367229
"743","Philippines",2013,"PHL",NA,23.3,9.4,1.24230283116605,1.95022326735975,2760.28914607311
"744","Philippines",2014,"PHL",NA,22.7,9.8,1.09040654583344,6.76758021690402,2842.93835295284
"745","Philippines",2015,"PHL",NA,22.1,NA,1.13929237189728,5.06624504717083,2878.33837046989
"746","Poland",2011,"POL",422791.468168537,4.9,1.2,1.78802448026663,NA,13893.1876786517
"747","Poland",2012,"POL",414606.89232929,4.6,1,1.79613009024225,NA,13145.1048415824
"748","Poland",2013,"POL",NA,4.5,0.8,1.76945055714425,NA,13780.5491146258
"749","Poland",2014,"POL",NA,4.3,0.7,1.89766483069179,NA,14341.6705004491
"750","Poland",2015,"POL",NA,4.2,0.7,2.1395346355653,NA,12565.987597528
"751","Portugal",2011,"PRT",71977.8870090626,3.1,1.1,2.00265001457882,NA,23196.1837500759
"752","Portugal",2012,"PRT",72524.218510274,3,1.2,1.91213707571497,NA,20577.4026375899
"753","Portugal",2013,"PRT",NA,3,1.4,2.08963062384102,NA,21618.7353389663
"754","Portugal",2014,"PRT",NA,2.9,0.9,1.7905112782133,NA,22077.5361325219
"755","Portugal",2015,"PRT",NA,2.9,1,1.7865864095135,NA,19220.0068081473
"756","Puerto Rico",2011,"PRI",3247.52000136847,NA,NA,NA,NA,27278.8748949366
"757","Puerto Rico",2012,"PRI",3293.25487972272,NA,26.5,NA,NA,27811.548146534
"758","Puerto Rico",2013,"PRI",NA,NA,23.9,NA,NA,28703.7483471687
"759","Puerto Rico",2014,"PRI",NA,NA,18.5,NA,NA,NA
"760","Puerto Rico",2015,"PRI",NA,NA,15.9,NA,NA,NA
"761","Qatar",2011,"QAT",100891.323358578,7.6,NA,NA,NA,85948.0704556712
"762","Qatar",2012,"QAT",103155.120721373,7.5,NA,NA,NA,88564.8229796416
"763","Qatar",2013,"QAT",NA,7.4,NA,NA,NA,88304.8795754258
"764","Qatar",2014,"QAT",NA,7.4,NA,NA,NA,86852.710189198
"765","Qatar",2015,"QAT",NA,7.4,8.1,NA,NA,66346.5226685873
"766","Romania",2011,"ROU",126194.415552348,9.3,1.7,1.28390301703848,NA,9200.27782470489
"767","Romania",2012,"ROU",121762.225104696,8.9,1.9,1.22499673730821,NA,8558.3976056224
"768","Romania",2013,"ROU",NA,8.5,1.7,1.28036554679852,NA,9585.26659264653
"769","Romania",2014,"ROU",NA,8.1,1.5,1.34914186112087,NA,10020.2773322992
"770","Romania",2015,"ROU",NA,7.8,1.5,1.45365781904639,NA,8958.78859287686
"771","Russian Federation",2011,"RUS",2777724.31014007,8.1,15,3.45695993557811,NA,14212.0608741397
"772","Russian Federation",2012,"RUS",2803398.4879042,7.7,13.9,3.75409794282775,NA,15154.4568726812
"773","Russian Federation",2013,"RUS",NA,7.4,12.9,3.96089773811349,NA,15543.6765317424
"774","Russian Federation",2014,"RUS",NA,7.1,12.1,4.10418436355208,NA,14125.9060977801
"775","Russian Federation",2015,"RUS",NA,6.8,11.3,4.86275702689816,NA,9329.29835134816
"776","Rwanda",2011,"RWA",6620.24670057814,39.7,NA,1.16123941493457,120.085724031342,617.310764781771
"777","Rwanda",2012,"RWA",6689.94889743344,36.7,NA,1.09072096128171,81.4396117919115,678.079697291679
"778","Rwanda",2013,"RWA",NA,34.2,4.5,1.08206532765267,98.1721803886815,688.876855732777
"779","Rwanda",2014,"RWA",NA,32.2,NA,1.13441273326015,91.2293901373046,706.569951658266
"780","Rwanda",2015,"RWA",NA,30.4,NA,1.25363498992613,93.0147530175923,710.348390658908
"781","Samoa",2011,"WSM",348.882192362577,16.1,NA,NA,520.608531159247,3942.00982670097
"782","Samoa",2012,"WSM",356.086960000804,16,NA,NA,619.945664238824,4234.55444295603
"783","Samoa",2013,"WSM",NA,15.8,3.2,NA,592.429111382544,4219.06512309738
"784","Samoa",2014,"WSM",NA,15.5,NA,NA,472.983514483332,4178.97336868309
"785","Samoa",2015,"WSM",NA,15.2,NA,NA,483.693660681568,4149.36344384036
"786","San Marino",2011,"SMR",NA,2.9,0,NA,NA,NA
"787","San Marino",2012,"SMR",NA,2.8,NA,NA,NA,NA
"788","San Marino",2013,"SMR",NA,2.7,NA,NA,NA,NA
"789","San Marino",2014,"SMR",NA,2.6,NA,NA,NA,NA
"790","San Marino",2015,"SMR",NA,2.6,NA,NA,NA,NA
"791","Sao Tome and Principe",2011,"STP",190.736300569879,31.9,3.4,NA,410.682326621924,1304.32618929166
"792","Sao Tome and Principe",2012,"STP",195.486961272431,30.6,NA,NA,276.998616647256,1380.94995917229
"793","Sao Tome and Principe",2013,"STP",NA,29.3,NA,NA,287.36400331471,1619.53267761188
"794","Sao Tome and Principe",2014,"STP",NA,28.1,NA,NA,216.347913377182,1821.87873390297
"795","Sao Tome and Principe",2015,"STP",NA,27.1,NA,NA,250.31577117201,1624.60396252995
"796","Saudi Arabia",2011,"SAU",514967.262649612,13.1,NA,7.23005440589646,NA,23770.7473862625
"797","Saudi Arabia",2012,"SAU",NA,12.7,NA,7.67660296778665,NA,25303.0946209133
"798","Saudi Arabia",2013,"SAU",NA,12.3,NA,8.97612775029289,NA,24934.3861421258
"799","Saudi Arabia",2014,"SAU",NA,11.9,0.9,10.6779087609502,NA,24575.4030374119
"800","Saudi Arabia",2015,"SAU",NA,11.4,1.5,13.3256728273341,NA,20732.8617218565
"801","Senegal",2011,"SEN",53810.0458870121,41,NA,1.6038873877683,79.2878081274138,1080.25302134984
"802","Senegal",2012,"SEN",54185.3718787515,39.3,NA,1.38551306323935,78.5039573429091,1036.40501832823
"803","Senegal",2013,"SEN",NA,37.7,NA,1.59888033921809,70.4289987762317,1048.91235053219
"804","Senegal",2014,"SEN",NA,36.2,NA,1.56950583256218,76.2231224552047,1052.44387304468
"805","Senegal",2015,"SEN",NA,34.8,7.3,1.57845930363773,58.7033686466056,908.725614527345
"806","Serbia",2011,"SRB",NA,6.4,1.5,2.12401049524188,190.649865311492,6423.29178334583
"807","Serbia",2012,"SRB",NA,6.2,1.2,2.09517465340868,151.09992572659,5659.38020403691
"808","Serbia",2013,"SRB",NA,6,1.6,2.0206875269999,108.913403605629,6353.82638279332
"809","Serbia",2014,"SRB",NA,5.8,1.3,2.06593969670379,52.17390572655,6200.17322102474
"810","Serbia",2015,"SRB",NA,5.4,1.1,1.94872327164322,44.0483621532481,5237.25533423136
"811","Seychelles",2011,"SYC",883.831427003904,12.5,NA,0.817459836314034,259.832344094875,12189.0951601357
"812","Seychelles",2012,"SYC",910.287358285027,12.5,NA,0.874935666495111,393.531363600331,12845.17363161
"813","Seychelles",2013,"SYC",NA,12.6,NA,0.975609756097561,304.839408998432,15687.3479494868
"814","Seychelles",2014,"SYC",NA,12.6,NA,2.17283405944962,131.349949101895,15570.7789222605
"815","Seychelles",2015,"SYC",NA,12.5,NA,1.21035058430718,72.5762425202582,15390.0406382807
"816","Sierra Leone",2011,"SLE",11731.1661612871,101.9,3.2,0.865786459867561,64.1121818741708,445.052005000457
"817","Sierra Leone",2012,"SLE",11810.8870188195,97.3,1.9,0.782746605100932,64.9930986862009,561.898423858481
"818","Sierra Leone",2013,"SLE",NA,93.1,NA,0.643958048000616,64.8750180401004,710.818699843413
"819","Sierra Leone",2014,"SLE",NA,89.4,NA,0.973262106320531,129.13110337071,708.439475708292
"820","Sierra Leone",2015,"SLE",NA,86.2,1.9,0.92345325228485,130.770585979736,587.503823327043
"821","Singapore",2011,"SGP",54413.5540095278,2.2,0.3,3.23735248046295,NA,53166.6758056251
"822","Singapore",2012,"SGP",55910.2813044732,2.2,0.2,3.17185434486209,NA,54431.1619899752
"823","Singapore",2013,"SGP",NA,2.1,0.3,3.08937219508226,NA,56029.1891416371
"824","Singapore",2014,"SGP",NA,2.1,0.3,3.11421350413897,NA,56336.0723407889
"825","Singapore",2015,"SGP",NA,2.1,0.2,3.16478377913465,NA,53629.7374603324
"826","Sint Maarten (Dutch part)",2011,"SXM",NA,NA,NA,NA,NA,NA
"827","Sint Maarten (Dutch part)",2012,"SXM",NA,NA,NA,NA,NA,NA
"828","Sint Maarten (Dutch part)",2013,"SXM",NA,NA,NA,NA,NA,NA
"829","Sint Maarten (Dutch part)",2014,"SXM",NA,NA,NA,NA,NA,NA
"830","Sint Maarten (Dutch part)",2015,"SXM",NA,NA,NA,NA,NA,NA
"831","Slovak Republic",2011,"SVK",48551.7499855841,5.6,1.8,1.08456790835769,NA,18187.1574419478
"832","Slovak Republic",2012,"SVK",46301.2739711681,5.5,1.4,1.09210678719198,NA,17274.6423040509
"833","Slovak Republic",2013,"SVK",NA,5.3,1.4,0.982878857025952,NA,18191.612786163
"834","Slovak Republic",2014,"SVK",NA,5.2,1.3,0.990172550602459,NA,18595.1511139028
"835","Slovak Republic",2015,"SVK",NA,5,0.9,1.12981270984142,NA,16089.7484602032
"836","Slovenia",2011,"SVN",21513.476468893,2.4,0.8,1.29785368970608,NA,24985.2482718393
"837","Slovenia",2012,"SVN",21074.7483377861,2.3,0.7,1.17491847044914,NA,22486.4716702747
"838","Slovenia",2013,"SVN",NA,2.2,0.6,1.06260859091335,NA,23150.3179893477
"839","Slovenia",2014,"SVN",NA,2,0.7,0.981613978564493,NA,24020.6728561283
"840","Slovenia",2015,"SVN",NA,1.9,1.2,0.936574817939054,NA,20729.8638261683
"841","Solomon Islands",2011,"SLB",4536.57738178344,23.4,NA,NA,628.949582479328,1642.83797435961
"842","Solomon Islands",2012,"SLB",4591.46452705258,23.1,NA,NA,553.18740016427,1858.68986797649
"843","Solomon Islands",2013,"SLB",NA,22.9,NA,NA,514.327087396387,1880.51589970053
"844","Solomon Islands",2014,"SLB",NA,22.6,NA,NA,344.915065751063,2009.6526224944
"845","Solomon Islands",2015,"SLB",NA,22.2,NA,NA,323.465229572991,1922.04138818612
"846","Somalia",2011,"SOM",21690.2656830673,94.6,NA,NA,88.5936608832521,NA
"847","Somalia",2012,"SOM",21916.3232231908,92.1,NA,NA,77.5992935006067,NA
"848","Somalia",2013,"SOM",NA,89.6,NA,2.52507746026488e-05,80.3039882659226,407.543235410512
"849","Somalia",2014,"SOM",NA,87.2,NA,5.27552215066626e-05,82.1112806993201,417.890014337912
"850","Somalia",2015,"SOM",NA,85,5.6,3.53636075522628e-05,90.1307429633418,426.009853661841
"851","South Africa",2011,"ZAF",NA,37.1,29.9,1.10325767555138,27.0053678494682,8049.95422376738
"852","South Africa",2012,"ZAF",NA,37.2,30.7,1.1327931119157,20.2990047698316,7548.16369793332
"853","South Africa",2013,"ZAF",NA,36.4,31.7,1.12327426203249,24.3286892247245,6876.95382070073
"854","South Africa",2014,"ZAF",NA,35.6,33,1.10972545983429,19.8944591061535,6479.625658634
"855","South Africa",2015,"ZAF",NA,35.5,34.3,1.09015869833242,25.824194760558,5769.77257965127
"856","South Sudan",2011,"SSD",NA,69.2,NA,5.90521232139729,41.7107823372451,1706.09071329732
"857","South Sudan",2012,"SSD",NA,66.9,13.7,9.53075280066258,109.653513532401,958.455008128114
"858","South Sudan",2013,"SSD",NA,64.8,NA,7.40692438263393,125.189107751382,1186.10132461897
"859","South Sudan",2014,"SSD",NA,62.7,NA,9.79910547476648,170.334310961323,1151.86171519279
"860","South Sudan",2015,"SSD",NA,61,NA,12.7773753668703,140.953613054084,758.720578206203
"861","Spain",2011,"ESP",353857.386145107,3,0.8,1.32360219840379,NA,31834.2181562825
"862","Spain",2012,"ESP",348257.292233754,3,0.8,1.41178139528621,NA,28562.2932404629
"863","Spain",2013,"ESP",NA,2.9,0.7,1.266210948545,NA,29210.0934234591
"864","Spain",2014,"ESP",NA,2.8,0.7,1.24857163520648,NA,29600.4722482852
"865","Spain",2015,"ESP",NA,2.8,0.7,1.25199997396896,NA,25683.8456530241
"866","Sri Lanka",2011,"LKA",29822.7789910656,9.3,3.6,2.683158092312,30.2629372009274,3220.99261489508
"867","Sri Lanka",2012,"LKA",30451.8263103441,9.1,3.3,2.15519975924316,24.033782129743,3350.52137495275
"868","Sri Lanka",2013,"LKA",NA,8.8,2.9,2.15404824269909,19.5856205975225,3610.28937355
"869","Sri Lanka",2014,"LKA",NA,8.5,NA,2.41264677904542,23.6705021424101,3820.54099418849
"870","Sri Lanka",2015,"LKA",NA,8.3,NA,2.55198852780323,20.3834780120195,3844.89122995401
"871","St. Kitts and Nevis",2011,"KNA",NA,9.4,64.2,NA,302.849671191786,14483.4435058063
"872","St. Kitts and Nevis",2012,"KNA",NA,8.9,33.6,NA,413.378714989257,13965.558111971
"873","St. Kitts and Nevis",2013,"KNA",NA,8.6,NA,NA,565.1789576633,14823.7485920158
"874","St. Kitts and Nevis",2014,"KNA",NA,8.2,NA,NA,NA,15775.8459440106
"875","St. Kitts and Nevis",2015,"KNA",NA,8,NA,NA,NA,16144.9778137997
"876","St. Lucia",2011,"LCA",582.33575435051,13.2,NA,NA,203.012103640296,7367.02039261407
"877","St. Lucia",2012,"LCA",598.765917552075,12.9,21.6,NA,153.287385248949,7428.80663143768
"878","St. Lucia",2013,"LCA",NA,12.7,NA,NA,144.369805305704,7503.42812925643
"879","St. Lucia",2014,"LCA",NA,12.4,NA,NA,109.794185499459,7857.27679601425
"880","St. Lucia",2015,"LCA",NA,12.1,NA,NA,74.4895771023555,8076.11313219475
"881","St. Martin (French part)",2011,"MAF",NA,NA,NA,NA,NA,NA
"882","St. Martin (French part)",2012,"MAF",NA,NA,NA,NA,NA,NA
"883","St. Martin (French part)",2013,"MAF",NA,NA,NA,NA,NA,NA
"884","St. Martin (French part)",2014,"MAF",NA,NA,NA,NA,NA,NA
"885","St. Martin (French part)",2015,"MAF",NA,NA,NA,NA,NA,NA
"886","St. Vincent and the Grenadines",2011,"VCT",310.883655689352,18.2,19.2,NA,162.33617764608,6183.67682211986
"887","St. Vincent and the Grenadines",2012,"VCT",319.21808524325,17.5,25.6,NA,76.0098053563589,6338.11778081316
"888","St. Vincent and the Grenadines",2013,"VCT",NA,16.9,NA,NA,77.9363336992316,6597.21138079169
"889","St. Vincent and the Grenadines",2014,"VCT",NA,16.3,NA,NA,89.7061916475397,6656.29831482955
"890","St. Vincent and the Grenadines",2015,"VCT",NA,15.7,NA,NA,120.780229317985,6739.60582481893
"891","Sudan",2011,"SDN",489798.213265019,50.2,NA,NA,47.1962427846888,1666.85775736793
"892","Sudan",2012,"SDN",491982.266532203,49.1,NA,NA,36.3044853658291,1892.89435161374
"893","Sudan",2013,"SDN",NA,48,NA,NA,39.1360841768662,1955.66079918474
"894","Sudan",2014,"SDN",NA,46.9,NA,NA,22.2311031430175,2176.89802874983
"895","Sudan",2015,"SDN",NA,45.9,6.5,2.35651652209906,22.3661647622081,2513.88466117983
"896","Suriname",2011,"SUR",2598.26121843145,20.8,NA,NA,169.040367652453,8318.97691973879
"897","Suriname",2012,"SUR",2657.8776235695,20.2,NA,NA,75.1288921327854,9272.41345281961
"898","Suriname",2013,"SUR",NA,19.5,NA,NA,56.8068713827552,9484.56809775791
"899","Suriname",2014,"SUR",NA,19,NA,NA,24.4375173380444,9564.40638296649
"900","Suriname",2015,"SUR",NA,18.4,10.7,NA,27.7472487744212,8818.98256581516
"901","Swaziland",2011,"SWZ",3430.02474988828,59.4,NA,2.21200830976241,101.276629085466,3934.2730250952
"902","Swaziland",2012,"SWZ",3478.03453213704,59.1,NA,1.88546158190312,71.8018071430059,3851.50154710125
"903","Swaziland",2013,"SWZ",NA,57.5,8.2,1.88041109057877,92.6418216595777,3598.70597235706
"904","Swaziland",2014,"SWZ",NA,54.6,NA,1.81343263045564,66.6899853833342,3464.0351690292
"905","Swaziland",2015,"SWZ",NA,53.1,NA,1.77705297351697,70.2268593666012,3136.92511032337
"906","Sweden",2011,"SWE",68780.3304510237,2.5,0.9,1.1231815985278,NA,59593.2871119719
"907","Sweden",2012,"SWE",65767.7870645559,2.5,0.7,1.14798632218845,NA,57134.0770682404
"908","Sweden",2013,"SWE",NA,2.4,0.9,1.12809089025756,NA,60283.24522267
"909","Sweden",2014,"SWE",NA,2.4,0.9,1.1424391136038,NA,59180.1989776727
"910","Sweden",2015,"SWE",NA,2.4,1.1,1.08674672688044,NA,50585.2584706067
"911","Switzerland",2011,"CHE",53066.8668627694,3.9,0.6,0.714349521831468,NA,87998.4446849282
"912","Switzerland",2012,"CHE",54108.0975149024,3.8,0.6,0.690494707789343,NA,83164.3879543217
"913","Switzerland",2013,"CHE",NA,3.8,0.7,0.734904884710808,NA,84658.8876757562
"914","Switzerland",2014,"CHE",NA,3.7,0.5,0.656430920476783,NA,85814.5885735953
"915","Switzerland",2015,"CHE",NA,3.6,0.7,0.673992961900914,NA,80989.8402358305
"916","Syrian Arab Republic",2011,"SYR",75181.2622617497,14,NA,NA,16.081293738931,NA
"917","Syrian Arab Republic",2012,"SYR",77118.711861813,14.3,NA,NA,81.8581105516407,NA
"918","Syrian Arab Republic",2013,"SYR",NA,14.3,NA,NA,183.649053737363,NA
"919","Syrian Arab Republic",2014,"SYR",NA,14.3,NA,NA,218.621065672243,NA
"920","Syrian Arab Republic",2015,"SYR",NA,14.2,NA,NA,260.576108219344,NA
"921","Tajikistan",2011,"TJK",15285.8198091057,43.3,1.9,1.09374116676809,44.6663610522535,834.541295306236
"922","Tajikistan",2012,"TJK",15364.5752926943,42,1.3,0.999084702362353,49.2829198822974,954.720525255865
"923","Tajikistan",2013,"TJK",NA,40.8,1.4,NA,47.7572904918665,1040.21441228998
"924","Tajikistan",2014,"TJK",NA,39.5,NA,1.12838009700648,42.6247601714509,1104.45901890381
"925","Tajikistan",2015,"TJK",NA,38.3,NA,1.21938117748174,49.8160469996962,918.677154325296
"926","Tanzania",2011,"TZA",234762.029551845,46.2,8.8,0.916153060506987,51.330117726168,733.412806541607
"927","Tanzania",2012,"TZA",235353.116917654,44.8,8.4,0.926954971441311,57.4991376341587,820.156289803745
"928","Tanzania",2013,"TZA",NA,43.7,7.4,1.00009968050876,67.8082718634616,901.731430290916
"929","Tanzania",2014,"TZA",NA,42.6,7.5,1.05252091310996,50.7080816073263,950.374313843269
"930","Tanzania",2015,"TZA",NA,41.5,7,1.1332360616119,47.8929483926648,872.294093320544
"931","Thailand",2011,"THA",431312.309909655,12.4,4.9,1.48670580974758,-1.98607643728807,5491.15998143099
"932","Thailand",2012,"THA",440411.679002401,12,4.9,1.38140540439058,-1.93635458792887,5859.9156220989
"933","Thailand",2013,"THA",NA,11.6,4.3,1.40330408261917,0.42249347017191,6171.26244433996
"934","Thailand",2014,"THA",NA,11.2,3.9,1.40946628829909,5.18162417835206,5941.84070966336
"935","Thailand",2015,"THA",NA,10.8,3.5,1.43595910586406,0.854530306914311,5814.86313441588
"936","Timor-Leste",2011,"TLS",949.906839441293,50.3,NA,1.7883275261324,246.314038689448,1014.56178972942
"937","Timor-Leste",2012,"TLS",959.347403614566,48.5,NA,2.58221191028616,245.202116255749,1117.7772398769
"938","Timor-Leste",2013,"TLS",NA,46.9,NA,2.41486280487805,218.31933709681,1107.76567378665
"939","Timor-Leste",2014,"TLS",NA,45.4,NA,2.11751250893495,205.752901928903,1153.51570809704
"940","Timor-Leste",2015,"TLS",NA,43.9,NA,2.56353771117332,171.066828796988,1161.76093513417
"941","Togo",2011,"TGO",22760.6386155452,57.5,NA,1.57131250211585,81.2033389217584,562.339359224539
"942","Togo",2012,"TGO",22931.8554918877,56.2,NA,1.62754753894731,35.7286453991715,563.689424743521
"943","Togo",2013,"TGO",NA,54.8,NA,1.77457715478178,32.1342710467265,579.43480503892
"944","Togo",2014,"TGO",NA,53.4,NA,1.85327280178124,29.1828026750902,620.131848879102
"945","Togo",2015,"TGO",NA,52.1,9.1,1.7119275328683,26.9145650645656,551.130834550516
"946","Tonga",2011,"TON",155.290599558298,15.1,1.9,NA,893.886801113055,4045.01886643001
"947","Tonga",2012,"TON",NA,15.1,1,NA,744.919057464912,4501.54246241052
"948","Tonga",2013,"TON",NA,14.9,NA,NA,769.880753455871,4266.55717394961
"949","Tonga",2014,"TON",NA,14.7,NA,NA,759.391957043731,4192.34975784769
"950","Tonga",2015,"TON",NA,14.4,NA,NA,643.074724530856,4093.77538663356
"951","Trinidad and Tobago",2011,"TTO",59776.5834191611,19.4,26.4,0.57437435509221,NA,19053.9706719731
"952","Trinidad and Tobago",2012,"TTO",61308.5253484805,18.8,28.3,0.656812337775539,NA,19152.0530067631
"953","Trinidad and Tobago",2013,"TTO",NA,18.2,30.3,0.798816918939866,NA,19607.8328329043
"954","Trinidad and Tobago",2014,"TTO",NA,17.7,29.9,0.721601177845068,NA,19325.2428277344
"955","Trinidad and Tobago",2015,"TTO",NA,17,30.9,0.879202246966662,NA,17321.8337317826
"956","Tunisia",2011,"TUN",38741.1352417547,14.2,NA,1.56127407655499,85.9761963680231,4256.91278981271
"957","Tunisia",2012,"TUN",39721.0088471343,13.6,3.1,1.51234107271035,93.8882309996043,4137.55402148336
"958","Tunisia",2013,"TUN",NA,13.1,NA,1.64162818858032,64.8832209154466,4199.47025312957
"959","Tunisia",2014,"TUN",NA,12.5,NA,1.90816175014849,82.8003964138972,4271.6817023764
"960","Tunisia",2015,"TUN",NA,12.1,NA,2.26965601965602,42.093690771791,3828.09158901884
"961","Turkey",2011,"TUR",434798.461210204,15.3,4.2,2.07854327609401,44.7935487329255,11341.1339492926
"962","Turkey",2012,"TUR",445640.078387113,14.3,4.3,2.05476032101584,41.7349544153002,11720.3084269453
"963","Turkey",2013,"TUR",NA,13.4,NA,1.96325312048205,37.5767280265688,12542.9356514213
"964","Turkey",2014,"TUR",NA,12.5,NA,1.9024577741002,44.7464870726486,12127.2252150798
"965","Turkey",2015,"TUR",NA,11.7,NA,1.84793880608029,27.4015544258577,10979.5256914159
"966","Turkmenistan",2011,"TKM",88648.7177282147,50.3,NA,NA,7.88935422292084,5649.97848562924
"967","Turkmenistan",2012,"TKM",92178.0749079615,48.8,NA,NA,7.14904157093639,6675.26295437575
"968","Turkmenistan",2013,"TKM",NA,47.5,NA,NA,6.69179022998626,7304.42052462986
"969","Turkmenistan",2014,"TKM",NA,46.1,NA,NA,6.30780823604375,7962.36582439665
"970","Turkmenistan",2015,"TKM",NA,44.7,4.2,NA,4.24416795261482,6432.66876792426
"971","Turks and Caicos Islands",2011,"TCA",NA,NA,NA,NA,NA,NA
"972","Turks and Caicos Islands",2012,"TCA",NA,NA,NA,NA,NA,NA
"973","Turks and Caicos Islands",2013,"TCA",NA,NA,NA,NA,NA,NA
"974","Turks and Caicos Islands",2014,"TCA",NA,NA,NA,NA,NA,NA
"975","Turks and Caicos Islands",2015,"TCA",NA,NA,NA,NA,NA,NA
"976","Tuvalu",2011,"TUV",5.17598123419742,24.8,10.2,NA,3661.08392924351,3698.91009628832
"977","Tuvalu",2012,"TUV",5.23991676902267,24.1,20.3,NA,2375.75757575758,3718.01871077083
"978","Tuvalu",2013,"TUV",NA,23.4,NA,NA,2550.14326647564,3542.13508909017
"979","Tuvalu",2014,"TUV",NA,22.7,NA,NA,3144.48111477814,3415.81315754314
"980","Tuvalu",2015,"TUV",NA,22.1,NA,NA,4513.22607035724,2970.02797384009
"981","Uganda",2011,"UGA",80318.9682529937,49.5,11,3.40188444013078,44.8158025634725,584.396213680907
"982","Uganda",2012,"UGA",80725.0849205519,46.5,11.5,1.78858766672885,45.2394642589779,647.704741018769
"983","Uganda",2013,"UGA",NA,43.9,10.5,1.73638177654348,45.2666134912951,662.492290296668
"984","Uganda",2014,"UGA",NA,41,11.8,1.70615092546518,42.0942438685029,719.172669004317
"985","Uganda",2015,"UGA",NA,39.2,NA,1.60221025315808,40.5593541590744,693.896382856584
"986","Ukraine",2011,"UKR",410067.313082423,9.6,NA,2.2583233268538,17.0202664414597,3569.75702740477
"987","Ukraine",2012,"UKR",404900.30485731,9.2,NA,2.35343700188443,16.9336284059281,3855.4212801318
"988","Ukraine",2013,"UKR",NA,8.8,NA,2.39291890925322,17.3828743273188,4029.71550372131
"989","Ukraine",2014,"UKR",NA,8.4,NA,3.021144799816,31.123247250665,3104.65829575449
"990","Ukraine",2015,"UKR",NA,8.1,NA,3.97325882655853,32.281726177746,2124.66266591114
"991","United Arab Emirates",2011,"ARE",199342.522558574,7.1,0.6,5.466314525642,NA,40462.3120904192
"992","United Arab Emirates",2012,"ARE",204888.718962496,7,0.8,5.07555649401926,NA,42112.2356483963
"993","United Arab Emirates",2013,"ARE",NA,6.9,0.6,6.03468625221594,NA,43350.6426817411
"994","United Arab Emirates",2014,"ARE",NA,6.8,0.7,5.6436513509261,NA,44449.7403487138
"995","United Arab Emirates",2015,"ARE",NA,6.7,0.7,NA,NA,39101.7468901055
"996","United Kingdom",2011,"GBR",568061.828941121,4.2,1,2.310253065516,NA,41240.4248558849
"997","United Kingdom",2012,"GBR",585779.783273432,4.1,1,2.21071804680952,NA,41538.3072616553
"998","United Kingdom",2013,"GBR",NA,3.9,0.9,2.09088431979756,NA,42407.3710146402
"999","United Kingdom",2014,"GBR",NA,3.8,0.9,1.97213412492867,NA,46412.1172713997
"1000","United Kingdom",2015,"GBR",NA,3.7,NA,1.8825752357274,NA,43929.6908131028
"1001","United States",2011,"USA",6571653.97696764,6.1,4.7,4.58397597720211,NA,49790.6654782305
"1002","United States",2012,"USA",6343840.50774614,6,4.7,4.23874460663109,NA,51450.1222950581
"1003","United States",2013,"USA",NA,5.9,4.5,3.83250965145948,NA,52787.0269489935
"1004","United States",2014,"USA",NA,5.8,4.4,3.50664283423148,NA,54598.5506887519
"1005","United States",2015,"USA",NA,5.7,4.9,3.30443682772985,NA,56207.0367472679
"1006","Uruguay",2011,"URY",33773.770839407,8.8,5.9,1.71974894169888,5.59128834152877,14166.4990835869
"1007","Uruguay",2012,"URY",34237.8295185601,8.5,7.9,1.80366982499626,5.11072702152658,15092.0681932945
"1008","Uruguay",2013,"URY",NA,8.3,7.6,1.81655130185417,10.7159467195617,16881.2056763151
"1009","Uruguay",2014,"URY",NA,8.1,7.8,1.80742945500921,26.2198549164129,16737.8982699805
"1010","Uruguay",2015,"URY",NA,8,8.4,1.82058813670797,5.58347942855011,15524.842466271
"1011","Uzbekistan",2011,"UZB",180734.945597965,29.8,NA,NA,6.95651581150262,1564.96694510875
"1012","Uzbekistan",2012,"UZB",177223.750994586,27.9,NA,NA,8.59493862197518,1740.4682979775
"1013","Uzbekistan",2013,"UZB",NA,26.2,NA,NA,9.75954925404719,1907.55123335561
"1014","Uzbekistan",2014,"UZB",NA,24.5,NA,NA,10.5576814911388,2050.44841384558
"1015","Uzbekistan",2015,"UZB",NA,22.9,3,NA,14.3081705746847,2137.57685230278
"1016","Vanuatu",2011,"VUT",440.152732079289,24.4,NA,NA,376.605711308921,3275.0916839105
"1017","Vanuatu",2012,"VUT",446.220596935657,24.5,NA,NA,411.90375174253,3158.58688044147
"1018","Vanuatu",2013,"VUT",NA,24.3,NA,NA,360.825149520822,3167.34305591771
"1019","Vanuatu",2014,"VUT",NA,24,NA,NA,387.908054858026,3148.3651032298
"1020","Vanuatu",2015,"VUT",NA,23.6,2.1,NA,705.05625408631,2805.83414035745
"1021","Venezuela, RB",2011,"VEN",275683.763795513,14.7,47.9,0.753524677610168,1.68956006985099,10741.5763839947
"1022","Venezuela, RB",2012,"VEN",281921.368594355,14.7,53.8,1.30233184721529,1.69905543356523,12755.0000818807
"1023","Venezuela, RB",2013,"VEN",NA,14.6,NA,1.43090973756456,1.24777985561508,12237.2240641963
"1024","Venezuela, RB",2014,"VEN",NA,14.5,62,NA,1.40410792007308,NA
"1025","Venezuela, RB",2015,"VEN",NA,14.3,57.1,NA,1.18953107375497,NA
"1026","Vietnam",2011,"VNM",285091.055716172,18.4,1.5,1.98209923374418,41.193690438116,1542.67043610149
"1027","Vietnam",2012,"VNM",310664.069273385,18.2,NA,2.15688636813921,46.3162600271143,1754.5479738641
"1028","Vietnam",2013,"VNM",NA,18,NA,2.17684979502056,45.517187595742,1907.56438167972
"1029","Vietnam",2014,"VNM",NA,17.8,NA,2.2855076468007,46.4710803283188,2052.31908380089
"1030","Vietnam",2015,"VNM",NA,17.6,NA,2.3611556974687,34.4272859007363,2107.01292734572
"1031","Virgin Islands (U.S.)",2011,"VIR",60.8557130023383,NA,NA,NA,NA,40072.2226423656
"1032","Virgin Islands (U.S.)",2012,"VIR",61.4927757344388,NA,NA,NA,NA,38898.1239610544
"1033","Virgin Islands (U.S.)",2013,"VIR",NA,NA,NA,NA,NA,35937.634264873
"1034","Virgin Islands (U.S.)",2014,"VIR",NA,NA,NA,NA,NA,34789.2867428242
"1035","Virgin Islands (U.S.)",2015,"VIR",NA,NA,NA,NA,NA,36350.8216347732
"1036","West Bank and Gaza",2011,"PSE",NA,19.1,0.6,NA,619.991948156517,2664.95138463952
"1037","West Bank and Gaza",2012,"PSE",NA,18.6,0.6,NA,495.715116332226,2787.16973802917
"1038","West Bank and Gaza",2013,"PSE",NA,18.1,NA,NA,624.133890201861,2992.20099455427
"1039","West Bank and Gaza",2014,"PSE",NA,17.6,NA,NA,579.134846305268,2960.77800405245
"1040","West Bank and Gaza",2015,"PSE",NA,17.1,NA,NA,423.584221496229,2865.80510851865
"1041","Yemen, Rep.",2011,"YEM",39949.0821612584,43.3,5.7,4.92646170257946,19.6703755526404,1349.42024978639
"1042","Yemen, Rep.",2012,"YEM",40924.6276912645,43.2,6.5,4.57388427654218,28.5118781159463,1421.17157469387
"1043","Yemen, Rep.",2013,"YEM",NA,43.2,6.7,4.07952740425799,40.6481432318533,1580.18160062955
"1044","Yemen, Rep.",2014,"YEM",NA,43.2,NA,3.96689108823111,44.3281073195499,1647.03365674887
"1045","Yemen, Rep.",2015,"YEM",NA,43.2,NA,NA,56.8962038373386,1401.90331929928
"1046","Zambia",2011,"ZMB",320024.69699237,52.4,NA,1.31760682261636,72.4491887558399,1644.61967241117
"1047","Zambia",2012,"ZMB",320254.218335756,50.5,NA,1.35785211790651,65.111843676609,1734.93061223334
"1048","Zambia",2013,"ZMB",NA,49.4,NA,1.3597391140583,75.5872848063216,1850.79335943919
"1049","Zambia",2014,"ZMB",NA,47.5,NA,1.63386937272377,63.8711773030286,1738.08820161939
"1050","Zambia",2015,"ZMB",NA,44.8,NA,1.7532341119123,49.5099961262282,1313.88964550765
"1051","Zimbabwe",2011,"ZWE",71561.9522501464,55,NA,1.64382356519053,50.2257335950853,839.092793603292
"1052","Zimbabwe",2012,"ZWE",72057.8033221346,50.8,6.7,2.26393111074554,68.0852319237546,955.648465966493
"1053","Zimbabwe",2013,"ZWE",NA,47.8,NA,2.34308354089964,54.9695885072549,1011.22739597035
"1054","Zimbabwe",2014,"ZWE",NA,44.4,NA,2.3247339586394,49.3515467981254,1027.40746219992
"1055","Zimbabwe",2015,"ZWE",NA,42,NA,2.34362922798454,49.9504007332997,1018.69308293209
